,期数,红球_1,红球_2,红球_3,红球_4,红球_5,蓝球_1,蓝球_2
0,25001,05,08,16,17,27,04,07
1,24152,01,02,07,08,31,02,10
2,24151,05,12,17,19,35,10,11
3,24150,04,11,23,25,34,05,07
4,24149,02,05,16,18,22,07,09
5,24148,06,09,20,32,35,08,11
6,24147,12,18,21,22,31,01,07
7,24146,05,20,21,22,32,03,04
8,24145,01,06,09,22,24,01,03
9,24144,06,07,08,21,30,01,05
10,24143,16,20,22,24,31,04,05
11,24142,08,21,24,33,34,03,10
12,24141,02,06,07,16,20,02,11
13,24140,03,06,15,23,31,01,12
14,24139,05,12,20,23,24,05,07
15,24138,05,17,20,28,34,04,09
16,24137,08,15,16,17,21,02,05
17,24136,01,17,20,29,34,07,08
18,24135,06,08,22,24,30,03,08
19,24134,01,04,07,13,33,05,06
20,24133,08,10,14,22,29,04,06
21,24132,05,06,10,16,31,06,09
22,24131,02,03,04,21,26,02,03
23,24130,11,21,25,31,32,04,10
24,24129,07,19,30,31,34,05,07
25,24128,03,07,10,29,31,01,03
26,24127,02,03,10,16,28,07,10
27,24126,02,10,17,28,34,07,08
28,24125,10,14,19,24,26,01,10
29,24124,02,03,07,10,25,01,11
30,24123,03,09,16,30,31,08,09
31,24122,05,06,09,15,17,03,10
32,24121,07,15,18,24,33,04,05
33,24120,04,12,17,23,27,02,08
34,24119,06,12,28,30,33,02,07
35,24118,01,03,09,16,19,05,11
36,24117,02,10,22,26,28,02,04
37,24116,01,03,06,16,25,01,11
38,24115,03,04,12,19,24,08,12
39,24114,12,27,30,34,35,05,11
40,24113,16,18,25,26,33,04,08
41,24112,05,15,24,31,34,03,10
42,24111,03,09,19,27,30,07,11
43,24110,01,07,08,18,28,04,12
44,24109,12,23,26,27,28,03,11
45,24108,16,17,21,31,34,03,08
46,24107,06,14,16,18,34,03,10
47,24106,05,11,19,22,29,02,12
48,24105,14,20,21,28,32,09,11
49,24104,01,04,09,13,17,06,09
50,24103,19,21,29,32,33,06,08
51,24102,01,05,09,14,20,05,11
52,24101,16,19,22,27,35,06,10
53,24100,02,12,19,22,32,05,11
54,24099,04,10,24,31,35,05,08
55,24098,03,10,15,19,29,09,10
56,24097,07,11,12,14,19,02,08
57,24096,02,03,23,27,31,01,10
58,24095,01,07,19,26,27,03,05
59,24094,12,13,24,29,31,02,08
60,24093,16,24,26,28,29,08,12
61,24092,02,04,25,26,31,01,06
62,24091,01,08,11,17,21,01,02
63,24090,02,03,06,28,33,07,11
64,24089,05,06,29,30,34,07,08
65,24088,01,02,23,28,32,03,05
66,24087,07,10,20,28,34,05,10
67,24086,11,12,14,22,28,07,11
68,24085,02,09,16,29,35,01,06
69,24084,04,11,16,17,23,05,10
70,24083,09,11,12,13,30,07,09
71,24082,08,21,23,24,26,04,05
72,24081,14,15,25,27,34,01,10
73,24080,03,05,24,27,28,09,11
74,24079,03,08,17,18,23,06,11
75,24078,05,07,10,14,15,04,07
76,24077,01,03,25,26,29,06,12
77,24076,01,06,22,27,35,07,12
78,24075,08,17,26,28,32,01,10
79,24074,02,10,11,21,27,09,11
80,24073,07,09,12,21,23,05,09
81,24072,04,17,21,23,32,01,06
82,24071,06,10,15,34,35,02,10
83,24070,04,20,21,32,34,02,09
84,24069,07,09,16,20,24,03,07
85,24068,15,20,31,32,33,05,10
86,24067,03,11,14,20,22,06,09
87,24066,13,19,20,24,25,06,07
88,24065,05,10,18,26,27,03,06
89,24064,05,12,21,32,33,08,09
90,24063,07,12,16,33,34,01,03
91,24062,05,14,15,16,33,03,05
92,24061,01,12,19,31,33,05,08
93,24060,03,21,25,28,30,01,12
94,24059,17,18,20,25,31,03,12
95,24058,06,10,13,20,32,01,02
96,24057,09,25,30,33,34,03,09
97,24056,16,17,18,27,35,06,12
98,24055,07,17,22,30,34,05,07
99,24054,05,06,09,11,22,01,03
100,24053,01,07,19,20,35,03,09
101,24052,02,03,13,22,34,04,08
102,24051,05,21,22,23,29,01,02
103,24050,03,04,14,18,26,07,09
104,24049,04,06,09,10,22,01,08
105,24048,12,18,21,26,28,08,09
106,24047,11,19,21,26,35,10,11
107,24046,06,12,17,29,30,07,11
108,24045,09,10,14,31,32,03,08
109,24044,03,13,15,17,22,06,10
110,24043,03,04,08,14,27,05,07
111,24042,01,08,15,23,35,05,12
112,24041,06,08,14,16,28,03,05
113,24040,05,12,16,29,30,03,06
114,24039,03,10,11,20,22,06,10
115,24038,15,22,24,25,29,01,05
116,24037,17,19,20,29,35,07,11
117,24036,02,05,11,32,34,06,10
118,24035,05,13,17,29,33,05,12
119,24034,23,26,27,29,33,05,08
120,24033,04,08,10,11,15,07,09
121,24032,05,15,26,33,35,01,09
122,24031,09,12,15,30,34,05,06
123,24030,08,09,11,19,30,06,12
124,24029,04,19,24,28,34,04,05
125,24028,13,18,20,26,28,04,08
126,24027,08,09,16,22,23,07,09
127,24026,01,18,21,26,33,02,12
128,24025,01,02,08,18,27,04,08
129,24024,03,05,12,17,26,01,12
130,24023,08,10,12,14,22,05,09
131,24022,07,09,11,31,32,04,08
132,24021,01,12,16,20,28,07,09
133,24020,02,04,08,19,26,02,06
134,24019,19,20,26,29,30,03,04
135,24018,04,12,19,25,27,01,09
136,24017,03,07,25,27,35,01,04
137,24016,15,18,25,27,29,06,11
138,24015,08,11,14,24,31,05,06
139,24014,04,05,16,21,31,09,11
140,24013,05,22,25,28,30,03,12
141,24012,21,22,25,26,34,01,09
142,24011,01,03,27,32,34,01,07
143,24010,02,08,10,15,27,02,08
144,24009,15,18,19,24,26,05,09
145,24008,04,06,11,20,30,03,05
146,24007,04,05,28,34,35,04,11
147,24006,08,13,16,17,33,02,10
148,24005,03,05,07,09,12,05,08
149,24004,02,06,18,19,27,08,09
150,24003,07,09,12,23,29,01,02
151,24002,01,06,08,27,32,03,04
152,24001,03,09,17,26,35,02,07
153,23150,05,06,17,18,33,11,12
154,23149,01,16,17,21,29,01,06
155,23148,11,12,20,21,27,02,12
156,23147,06,07,19,33,34,03,08
157,23146,14,18,19,26,31,02,07
158,23145,06,10,12,32,33,06,07
159,23144,05,14,18,25,35,01,10
160,23143,09,20,23,29,33,02,10
161,23142,04,13,15,17,32,10,12
162,23141,04,22,25,30,31,04,05
163,23140,01,02,09,19,30,01,02
164,23139,15,16,25,31,34,05,09
165,23138,07,12,20,28,31,09,10
166,23137,04,19,21,30,31,06,12
167,23136,13,23,27,30,34,06,09
168,23135,05,18,22,28,29,09,12
169,23134,10,15,22,27,33,01,12
170,23133,10,18,25,28,33,05,11
171,23132,03,04,12,15,23,02,06
172,23131,03,07,21,22,24,06,07
173,23130,13,20,27,29,30,01,07
174,23129,09,23,25,27,33,06,12
175,23128,01,05,07,12,13,02,06
176,23127,04,07,08,18,19,02,06
177,23126,07,12,17,26,34,02,06
178,23125,07,25,26,29,32,02,08
179,23124,06,18,23,27,32,06,10
180,23123,02,14,16,28,30,02,07
181,23122,01,07,09,25,29,10,12
182,23121,05,11,15,23,33,01,09
183,23120,02,08,16,31,34,01,10
184,23119,04,08,10,14,21,04,10
185,23118,06,07,13,25,33,05,08
186,23117,05,07,15,18,20,03,04
187,23116,01,03,09,18,29,04,09
188,23115,07,10,23,31,34,02,10
189,23114,02,25,27,30,35,01,10
190,23113,06,08,30,32,33,03,10
191,23112,01,11,17,22,27,02,09
192,23111,03,12,15,28,35,02,12
193,23110,04,09,11,13,17,07,08
194,23109,01,12,21,22,31,02,09
195,23108,05,06,17,30,32,02,08
196,23107,01,12,15,16,18,03,10
197,23106,16,24,26,28,31,01,06
198,23105,07,08,19,20,25,02,11
199,23104,06,15,16,32,33,08,10
200,23103,08,11,19,31,32,08,11
201,23102,02,04,07,16,33,07,11
202,23101,06,14,16,17,28,07,10
203,23100,04,06,13,19,35,09,11
204,23099,09,11,13,22,23,06,07
205,23098,02,07,15,30,34,05,09
206,23097,06,07,18,20,22,03,09
207,23096,06,07,14,21,31,03,10
208,23095,08,19,28,32,34,03,07
209,23094,12,19,22,28,32,08,12
210,23093,11,14,17,19,21,01,05
211,23092,03,16,21,26,32,03,12
212,23091,06,16,18,28,29,07,11
213,23090,08,11,12,19,35,11,12
214,23089,03,12,20,26,35,02,12
215,23088,08,14,16,22,24,09,12
216,23087,03,04,16,19,24,04,05
217,23086,03,11,15,20,35,07,11
218,23085,11,12,26,31,35,05,07
219,23084,03,05,08,24,32,07,08
220,23083,13,15,21,25,32,09,10
221,23082,02,08,09,15,20,03,09
222,23081,05,06,23,28,35,07,10
223,23080,01,02,09,16,30,01,11
224,23079,06,08,26,29,34,05,08
225,23078,02,03,06,26,27,07,08
226,23077,05,16,18,26,35,03,06
227,23076,08,09,11,26,34,02,07
228,23075,07,17,20,23,32,05,11
229,23074,03,13,22,29,34,02,09
230,23073,15,25,28,30,35,08,10
231,23072,05,06,09,11,14,02,04
232,23071,02,11,12,32,34,10,12
233,23070,10,26,29,32,33,03,11
234,23069,08,20,21,25,32,05,07
235,23068,21,22,24,27,31,07,08
236,23067,02,28,30,33,35,02,10
237,23066,06,11,13,30,32,01,03
238,23065,08,14,16,21,25,03,12
239,23064,02,06,09,31,32,03,07
240,23063,04,18,29,31,34,06,09
241,23062,06,08,22,24,30,01,08
242,23061,07,11,21,30,32,05,07
243,23060,02,07,19,24,30,09,12
244,23059,09,13,23,25,28,04,07
245,23058,19,22,29,32,35,05,08
246,23057,01,05,06,19,24,05,11
247,23056,13,22,24,33,34,01,02
248,23055,06,08,12,13,15,01,06
249,23054,19,25,30,31,34,07,09
250,23053,01,03,11,14,20,02,11
251,23052,02,08,11,30,33,05,08
252,23051,03,11,19,29,33,03,12
253,23050,08,09,14,25,29,04,06
254,23049,03,17,22,26,28,07,12
255,23048,07,13,16,25,32,09,11
256,23047,10,12,13,24,25,11,12
257,23046,13,21,25,28,32,02,10
258,23045,07,10,13,28,31,04,05
259,23044,02,06,07,08,15,07,10
260,23043,02,04,17,20,27,01,08
261,23042,02,16,21,23,27,01,08
262,23041,05,08,13,26,35,05,09
263,23040,04,05,18,22,30,05,12
264,23039,02,24,26,30,34,06,07
265,23038,04,10,18,27,32,10,12
266,23037,06,08,16,20,24,07,08
267,23036,01,13,22,26,31,02,10
268,23035,07,14,23,25,29,02,11
269,23034,07,09,10,15,24,04,12
270,23033,04,06,10,11,25,07,09
271,23032,05,06,18,28,30,02,07
272,23031,05,07,08,16,25,03,11
273,23030,06,11,12,20,35,05,12
274,23029,07,25,27,34,35,09,11
275,23028,01,03,29,30,34,04,12
276,23027,09,10,12,15,23,03,06
277,23026,02,13,24,27,30,01,06
278,23025,03,09,27,30,31,11,12
279,23024,11,15,24,27,30,01,10
280,23023,09,21,23,25,33,03,10
281,23022,07,11,15,26,28,08,10
282,23021,02,09,18,23,27,03,05
283,23020,05,06,23,25,28,06,09
284,23019,05,08,09,11,15,06,08
285,23018,04,08,17,26,30,03,11
286,23017,02,05,09,22,27,10,11
287,23016,02,04,12,31,32,07,11
288,23015,08,16,24,25,34,08,12
289,23014,03,08,18,22,24,01,09
290,23013,01,02,09,23,25,02,06
291,23012,07,16,17,18,28,02,03
292,23011,02,07,08,17,25,01,03
293,23010,05,06,13,23,26,01,06
294,23009,01,05,11,15,33,01,10
295,23008,04,09,17,22,25,01,05
296,23007,02,03,24,30,32,01,06
297,23006,02,04,12,27,35,06,07
298,23005,01,03,10,20,29,06,11
299,23004,04,13,15,20,22,04,08
300,23003,05,06,14,21,22,02,09
301,23002,11,14,21,26,27,02,07
302,23001,18,19,24,27,34,11,12
303,22150,06,07,26,29,30,03,12
304,22149,15,19,22,26,28,02,07
305,22148,04,05,06,26,27,07,12
306,22147,04,12,22,28,30,09,11
307,22146,01,21,23,28,35,07,09
308,22145,10,20,29,30,35,06,09
309,22144,03,04,08,15,21,04,07
310,22143,10,13,14,27,33,07,08
311,22142,07,12,14,29,35,01,11
312,22141,05,06,14,24,25,02,04
313,22140,05,15,25,26,29,04,12
314,22139,01,13,14,22,35,02,05
315,22138,05,13,16,27,33,07,12
316,22137,05,06,08,15,20,07,08
317,22136,01,11,15,17,33,03,11
318,22135,09,10,27,31,32,01,03
319,22134,03,16,23,27,32,03,06
320,22133,01,02,14,30,31,06,09
321,22132,02,27,30,34,35,09,12
322,22131,02,06,08,10,17,05,06
323,22130,05,07,15,18,23,05,10
324,22129,10,17,23,34,35,01,04
325,22128,10,19,21,23,35,04,10
326,22127,02,03,08,09,20,04,10
327,22126,04,05,08,22,35,01,03
328,22125,03,07,14,16,19,01,11
329,22124,02,04,11,25,30,06,12
330,22123,02,20,28,29,30,07,10
331,22122,04,15,17,19,25,06,12
332,22121,04,15,16,20,21,04,05
333,22120,11,22,26,30,33,03,05
334,22119,01,09,16,25,29,04,09
335,22118,02,05,15,17,26,02,08
336,22117,09,12,15,21,32,02,07
337,22116,01,07,20,22,31,07,12
338,22115,17,19,20,23,27,03,08
339,22114,11,21,24,27,28,05,10
340,22113,13,15,22,31,33,05,12
341,22112,04,11,18,20,26,06,12
342,22111,06,12,16,19,31,06,10
343,22110,02,13,16,18,23,03,06
344,22109,05,09,24,29,35,05,12
345,22108,04,07,13,26,28,07,11
346,22107,07,09,19,28,29,08,10
347,22106,16,17,21,28,32,04,07
348,22105,01,08,09,21,22,01,04
349,22104,03,05,13,19,25,02,05
350,22103,08,12,16,21,32,01,12
351,22102,01,05,14,20,30,02,04
352,22101,02,04,06,07,08,03,06
353,22100,10,19,20,23,31,03,07
354,22099,07,18,25,27,33,04,05
355,22098,01,03,06,11,13,03,11
356,22097,05,13,22,28,29,05,11
357,22096,16,19,24,27,33,01,06
358,22095,05,08,22,25,35,02,07
359,22094,03,04,07,12,19,02,05
360,22093,07,11,14,21,29,07,10
361,22092,01,04,12,23,29,05,12
362,22091,02,11,20,22,34,04,12
363,22090,01,20,24,25,31,09,12
364,22089,01,20,21,31,33,03,11
365,22088,01,08,10,20,35,06,11
366,22087,04,06,10,24,28,06,12
367,22086,04,10,21,28,31,08,11
368,22085,11,16,31,33,35,06,08
369,22084,03,11,19,25,27,04,12
370,22083,02,09,17,26,32,04,06
371,22082,04,26,27,30,33,02,09
372,22081,05,10,19,31,32,09,10
373,22080,10,17,30,31,34,03,06
374,22079,07,10,19,26,32,08,12
375,22078,02,03,18,20,27,01,02
376,22077,05,10,11,16,19,01,10
377,22076,05,17,30,34,35,02,09
378,22075,04,12,13,17,18,07,09
379,22074,02,06,21,25,28,02,06
380,22073,11,18,21,25,32,02,04
381,22072,01,12,13,15,30,03,07
382,22071,09,15,19,25,29,08,09
383,22070,01,07,17,23,35,07,11
384,22069,02,03,23,28,35,02,09
385,22068,03,06,10,15,23,03,08
386,22067,04,14,15,32,33,10,11
387,22066,02,24,25,26,34,03,12
388,22065,05,10,13,22,28,01,04
389,22064,02,19,22,25,35,05,07
390,22063,02,03,22,26,31,06,10
391,22062,05,09,11,12,31,07,11
392,22061,06,09,19,22,30,01,06
393,22060,02,06,10,11,20,03,09
394,22059,04,15,18,32,34,04,09
395,22058,03,04,24,26,35,07,08
396,22057,06,12,18,21,35,07,10
397,22056,02,11,15,17,31,07,09
398,22055,01,02,12,15,23,04,06
399,22054,05,16,21,23,34,07,10
400,22053,09,17,19,20,25,01,09
401,22052,01,13,18,29,35,04,09
402,22051,01,16,17,19,33,05,06
403,22050,02,10,21,24,30,08,10
404,22049,06,10,20,28,35,01,10
405,22048,16,22,28,29,32,08,09
406,22047,07,10,11,12,33,03,11
407,22046,06,07,12,22,27,03,05
408,22045,02,03,07,12,20,01,05
409,22044,01,02,16,17,20,03,07
410,22043,02,16,17,24,30,09,12
411,22042,08,10,11,29,32,02,06
412,22041,05,15,25,26,33,06,11
413,22040,10,19,25,29,33,08,12
414,22039,01,08,11,22,31,05,11
415,22038,07,09,11,12,26,09,12
416,22037,01,09,17,20,28,06,10
417,22036,18,19,21,26,34,06,07
418,22035,09,11,13,23,31,05,08
419,22034,02,10,24,27,28,06,07
420,22033,08,15,16,19,33,03,04
421,22032,05,09,18,31,32,01,05
422,22031,07,14,16,20,28,04,08
423,22030,12,14,15,21,30,01,09
424,22029,07,08,10,14,17,10,12
425,22028,04,09,16,17,35,01,07
426,22027,03,06,11,31,32,05,12
427,22026,11,14,22,23,27,08,10
428,22025,04,07,22,24,29,01,07
429,22024,01,02,11,30,35,01,12
430,22023,04,05,18,20,25,11,12
431,22022,01,05,14,17,28,06,07
432,22021,11,15,16,18,35,06,09
433,22020,16,17,30,31,35,08,09
434,22019,01,04,07,17,21,01,02
435,22018,16,21,29,31,34,06,09
436,22017,10,14,18,23,25,07,11
437,22016,01,07,17,26,32,01,09
438,22015,01,02,08,12,30,05,12
439,22014,01,04,10,18,32,01,09
440,22013,04,09,16,25,32,05,06
441,22012,03,05,10,33,34,07,10
442,22011,03,05,17,24,32,05,12
443,22010,04,19,25,31,35,02,11
444,22009,13,14,18,31,33,07,10
445,22008,01,02,13,18,34,06,07
446,22007,05,22,23,25,35,03,11
447,22006,01,05,07,17,20,05,12
448,22005,02,13,17,19,34,05,09
449,22004,07,20,27,30,33,03,04
450,22003,02,18,24,25,34,08,12
451,22002,04,06,07,09,24,04,12
452,22001,08,11,19,22,29,03,11
453,21150,04,10,11,23,26,07,10
454,21149,20,26,28,30,35,10,11
455,21148,01,04,12,16,29,04,08
456,21147,01,02,08,12,26,01,07
457,21146,03,05,08,18,20,09,11
458,21145,03,08,25,29,30,01,06
459,21144,03,20,25,30,34,02,09
460,21143,09,17,19,29,34,04,11
461,21142,11,13,17,19,25,02,09
462,21141,02,08,16,29,34,05,12
463,21140,05,24,26,33,35,09,12
464,21139,05,13,18,23,34,08,09
465,21138,09,11,12,15,31,05,11
466,21137,02,07,13,14,19,04,05
467,21136,08,12,19,27,33,02,05
468,21135,04,07,17,29,31,05,06
469,21134,02,06,14,19,28,01,06
470,21133,08,09,17,26,28,06,08
471,21132,04,21,28,29,33,03,11
472,21131,06,08,16,34,35,05,06
473,21130,02,03,14,27,28,05,10
474,21129,02,16,17,18,34,04,10
475,21128,14,17,18,23,27,05,08
476,21127,01,02,15,17,26,02,11
477,21126,01,11,12,34,35,09,12
478,21125,17,19,21,27,31,04,09
479,21124,10,17,22,25,35,07,09
480,21123,08,23,26,27,33,08,09
481,21122,14,15,26,27,29,04,05
482,21121,02,15,19,29,30,02,09
483,21120,05,10,21,25,31,05,11
484,21119,01,02,09,16,30,09,10
485,21118,14,17,18,28,34,02,03
486,21117,11,18,21,22,33,05,06
487,21116,04,25,28,29,35,03,11
488,21115,08,13,19,20,29,06,10
489,21114,08,09,13,29,30,01,11
490,21113,17,18,25,27,28,04,08
491,21112,18,21,22,23,35,11,12
492,21111,07,08,15,19,28,08,09
493,21110,11,14,29,31,32,11,12
494,21109,03,04,07,27,31,06,09
495,21108,05,19,22,26,35,02,06
496,21107,03,05,13,20,25,07,11
497,21106,02,13,14,32,34,02,12
498,21105,07,10,11,17,18,04,09
499,21104,23,25,26,30,33,03,11
500,21103,04,10,23,30,31,05,11
501,21102,02,08,11,16,23,02,07
502,21101,13,18,19,27,32,06,11
503,21100,07,11,23,26,28,02,07
504,21099,15,19,27,28,30,03,04
505,21098,02,07,21,27,33,07,09
506,21097,11,26,30,31,33,03,10
507,21096,07,08,10,20,21,01,05
508,21095,10,15,19,20,30,11,12
509,21094,05,06,24,27,33,05,12
510,21093,20,25,27,28,31,08,11
511,21092,12,14,27,28,34,03,07
512,21091,01,04,10,21,29,03,05
513,21090,06,07,19,26,32,06,12
514,21089,01,17,24,28,35,10,12
515,21088,02,14,31,34,35,01,07
516,21087,10,14,15,25,28,03,10
517,21086,02,03,07,16,17,06,10
518,21085,01,12,15,26,35,10,11
519,21084,02,10,14,30,33,06,09
520,21083,07,09,11,26,35,01,08
521,21082,01,14,22,29,33,03,10
522,21081,05,13,24,29,35,07,08
523,21080,15,16,20,29,30,06,10
524,21079,06,14,19,26,33,08,11
525,21078,02,08,17,19,25,01,05
526,21077,02,06,09,21,25,06,08
527,21076,06,13,22,25,26,02,04
528,21075,06,14,15,17,20,01,05
529,21074,11,14,18,20,25,03,07
530,21073,08,12,14,20,24,06,10
531,21072,02,03,15,22,26,03,11
532,21071,08,11,16,29,35,01,04
533,21070,03,20,21,22,24,06,12
534,21069,01,03,24,32,33,04,06
535,21068,02,20,21,26,30,02,10
536,21067,01,04,22,23,34,08,09
537,21066,24,26,29,34,35,09,11
538,21065,23,25,30,31,35,07,08
539,21064,01,17,19,32,34,06,10
540,21063,05,09,14,29,30,09,11
541,21062,04,06,23,32,34,05,07
542,21061,15,19,20,26,32,04,07
543,21060,09,13,25,31,33,03,07
544,21059,04,16,27,28,35,02,09
545,21058,13,15,17,23,34,01,11
546,21057,05,07,19,20,28,05,07
547,21056,03,11,16,21,26,09,10
548,21055,03,06,10,11,24,10,11
549,21054,03,06,17,20,25,03,09
550,21053,03,06,15,17,35,07,11
551,21052,02,11,13,14,30,09,12
552,21051,01,04,14,16,19,03,04
553,21050,09,22,32,33,35,05,10
554,21049,01,10,22,23,25,02,12
555,21048,04,07,17,21,27,10,12
556,21047,01,06,09,25,33,04,08
557,21046,06,08,12,14,18,06,08
558,21045,01,04,06,11,19,07,09
559,21044,06,18,31,33,35,10,11
560,21043,07,12,17,19,34,01,10
561,21042,09,15,20,23,29,04,05
562,21041,02,05,09,11,32,04,09
563,21040,02,03,09,16,19,03,07
564,21039,04,12,14,21,35,02,11
565,21038,09,11,20,29,32,01,07
566,21037,10,21,27,29,33,04,12
567,21036,08,17,25,28,33,07,11
568,21035,05,11,16,30,32,03,04
569,21034,08,10,14,25,34,07,08
570,21033,01,03,05,30,32,01,05
571,21032,01,11,14,34,35,07,10
572,21031,01,04,19,20,34,03,05
573,21030,18,23,25,26,32,02,07
574,21029,02,06,10,32,33,04,07
575,21028,02,03,05,17,29,04,10
576,21027,09,21,22,26,30,04,12
577,21026,07,11,20,24,27,01,11
578,21025,17,18,23,30,31,10,12
579,21024,11,14,21,24,31,02,10
580,21023,07,09,13,16,32,02,09
581,21022,02,12,22,30,33,02,04
582,21021,16,18,29,33,35,09,12
583,21020,07,21,22,30,33,04,06
584,21019,01,12,13,28,29,03,04
585,21018,02,20,23,26,34,05,10
586,21017,17,21,26,29,32,02,07
587,21016,08,09,10,19,34,01,02
588,21015,04,08,17,19,25,01,07
589,21014,07,13,20,27,29,04,09
590,21013,21,27,28,30,34,08,11
591,21012,06,12,20,23,33,01,09
592,21011,06,09,11,14,21,01,03
593,21010,01,05,16,22,34,08,11
594,21009,01,03,20,29,32,05,12
595,21008,05,19,20,27,33,03,08
596,21007,05,23,30,34,35,08,10
597,21006,04,22,25,28,35,04,05
598,21005,03,07,10,12,35,03,05
599,21004,05,10,17,23,28,02,08
600,21003,07,21,28,31,35,04,10
601,21002,02,16,26,31,34,09,11
602,21001,02,06,12,19,33,08,09
603,20134,08,11,13,22,25,04,07
604,20133,11,24,26,33,35,08,09
605,20132,03,15,16,17,21,07,10
606,20131,08,25,27,29,35,02,03
607,20130,16,17,23,26,32,02,12
608,20129,10,22,27,33,34,01,11
609,20128,09,12,13,26,33,04,10
610,20127,01,04,17,18,26,03,10
611,20126,01,04,09,22,28,04,12
612,20125,01,02,03,08,22,01,04
613,20124,11,15,24,26,35,04,05
614,20123,01,07,11,15,21,04,11
615,20122,08,19,29,34,35,06,11
616,20121,09,17,27,28,35,03,08
617,20120,05,25,26,30,35,04,10
618,20119,14,22,24,28,32,07,08
619,20118,01,09,15,30,33,04,09
620,20117,07,19,20,23,24,05,10
621,20116,08,10,12,16,22,03,09
622,20115,01,09,18,19,23,01,09
623,20114,10,12,21,24,30,03,07
624,20113,06,14,18,28,33,02,05
625,20112,08,11,13,30,32,02,06
626,20111,05,07,09,20,28,02,07
627,20110,11,16,20,21,28,05,11
628,20109,02,20,21,23,32,06,12
629,20108,02,03,06,07,33,08,09
630,20107,01,04,13,17,28,03,07
631,20106,02,03,11,14,27,04,10
632,20105,03,08,12,13,22,04,12
633,20104,03,12,23,26,30,04,07
634,20103,07,12,13,19,23,02,08
635,20102,07,11,18,20,29,09,12
636,20101,03,04,05,09,34,07,09
637,20100,04,05,08,22,33,07,10
638,20099,02,03,11,15,27,04,12
639,20098,04,09,15,24,35,04,10
640,20097,05,25,27,30,34,06,12
641,20096,07,08,10,25,28,03,11
642,20095,02,18,25,26,32,02,07
643,20094,04,06,07,08,16,02,08
644,20093,06,14,25,27,28,04,11
645,20092,08,11,17,31,35,07,11
646,20091,12,16,20,23,31,05,12
647,20090,05,06,27,28,29,11,12
648,20089,13,16,20,22,27,01,02
649,20088,02,07,23,26,35,01,12
650,20087,01,04,20,23,29,04,08
651,20086,08,11,15,20,28,04,10
652,20085,03,04,11,15,28,02,03
653,20084,02,10,20,24,31,06,12
654,20083,01,02,17,32,34,04,09
655,20082,02,11,12,21,34,04,08
656,20081,01,13,15,32,35,08,10
657,20080,03,06,22,24,25,09,10
658,20079,04,16,24,29,35,02,12
659,20078,14,18,20,28,34,10,11
660,20077,17,23,28,29,32,01,03
661,20076,01,08,18,28,30,10,12
662,20075,02,09,10,21,35,01,07
663,20074,03,09,10,12,21,04,11
664,20073,04,10,12,23,27,08,09
665,20072,11,15,18,20,27,05,06
666,20071,01,12,16,28,33,03,12
667,20070,01,22,30,31,32,04,12
668,20069,05,07,26,30,31,07,10
669,20068,15,20,23,26,33,02,08
670,20067,01,08,14,16,28,04,10
671,20066,06,14,21,34,35,03,10
672,20065,13,15,26,32,33,05,07
673,20064,05,10,23,34,35,01,11
674,20063,11,18,20,21,33,06,07
675,20062,01,05,14,23,31,02,07
676,20061,07,08,12,21,26,01,06
677,20060,12,14,25,34,35,03,12
678,20059,01,15,22,28,32,03,11
679,20058,01,15,19,26,27,05,10
680,20057,17,20,21,22,31,02,08
681,20056,03,11,25,29,34,03,06
682,20055,03,04,12,18,34,10,12
683,20054,11,14,15,19,20,03,07
684,20053,02,15,18,21,27,03,06
685,20052,09,11,26,28,35,06,07
686,20051,02,07,09,19,33,01,07
687,20050,03,14,16,22,34,02,06
688,20049,03,11,15,22,30,08,10
689,20048,03,09,10,15,16,07,09
690,20047,04,18,27,28,30,03,10
691,20046,15,24,27,30,34,04,12
692,20045,02,09,16,23,27,03,08
693,20044,01,03,22,28,30,02,05
694,20043,12,13,17,31,32,01,06
695,20042,03,04,05,11,22,05,06
696,20041,07,13,20,29,34,04,07
697,20040,02,17,20,28,29,01,07
698,20039,01,05,15,22,31,02,09
699,20038,04,15,20,22,24,01,09
700,20037,01,04,10,11,14,02,05
701,20036,01,05,11,12,26,02,07
702,20035,10,11,22,26,28,02,04
703,20034,11,13,20,27,31,02,04
704,20033,07,19,20,31,34,05,08
705,20032,02,03,09,16,32,03,04
706,20031,01,02,05,15,21,04,05
707,20030,01,08,17,27,30,05,06
708,20029,11,14,17,22,30,07,09
709,20028,04,05,28,34,35,01,08
710,20027,04,07,20,25,32,03,09
711,20026,03,15,26,32,34,08,12
712,20025,02,14,21,22,26,05,07
713,20024,03,05,06,24,30,03,07
714,20023,04,11,23,26,30,01,06
715,20022,04,14,20,28,35,02,03
716,20021,10,12,24,31,33,04,09
717,20020,08,10,12,26,32,05,09
718,20019,01,12,22,23,33,01,12
719,20018,09,14,16,24,26,04,12
720,20017,01,06,07,09,10,02,11
721,20016,04,08,19,31,35,01,02
722,20015,01,07,23,24,26,03,07
723,20014,03,07,09,17,21,03,06
724,20013,01,04,05,11,35,03,09
725,20012,01,06,18,32,34,01,03
726,20011,02,13,19,22,23,02,07
727,20010,01,08,13,24,32,02,09
728,20009,19,29,31,34,35,06,10
729,20008,14,17,19,24,32,01,06
730,20007,02,10,19,24,30,05,08
731,20006,09,22,25,31,32,08,12
732,20005,06,10,33,34,35,01,03
733,20004,17,20,21,29,30,05,09
734,20003,23,25,26,30,34,03,07
735,20002,03,07,18,25,30,02,07
736,20001,17,25,26,32,34,04,07
737,19150,07,11,12,16,33,05,07
738,19149,01,02,07,33,35,06,10
739,19148,03,04,07,11,30,08,09
740,19147,09,12,19,22,33,07,08
741,19146,10,11,26,33,34,01,06
742,19145,05,09,19,22,32,03,05
743,19144,02,05,20,28,31,02,11
744,19143,04,22,23,24,32,06,12
745,19142,03,04,26,29,33,06,07
746,19141,02,10,20,21,35,01,12
747,19140,03,07,08,25,27,03,05
748,19139,01,05,07,08,11,06,10
749,19138,04,06,07,20,29,02,04
750,19137,03,05,12,13,26,07,12
751,19136,03,16,20,26,29,03,09
752,19135,04,05,19,25,26,01,11
753,19134,05,06,07,14,17,10,11
754,19133,03,12,24,27,34,01,12
755,19132,03,05,06,13,18,10,12
756,19131,05,06,14,27,29,06,10
757,19130,01,13,20,21,26,04,10
758,19129,10,13,18,23,30,06,12
759,19128,20,21,25,34,35,03,12
760,19127,04,07,08,11,16,09,11
761,19126,05,09,16,18,30,04,07
762,19125,05,08,09,14,34,02,05
763,19124,07,17,26,27,30,06,12
764,19123,03,13,15,26,30,05,12
765,19122,05,19,25,31,33,10,11
766,19121,01,02,03,07,17,04,10
767,19120,06,15,17,22,25,01,09
768,19119,03,06,09,23,34,02,11
769,19118,02,03,13,19,26,02,03
770,19117,01,18,21,25,35,07,08
771,19116,02,10,16,21,23,02,12
772,19115,01,18,21,28,32,05,12
773,19114,03,05,07,20,23,04,11
774,19113,03,11,27,34,35,01,02
775,19112,03,10,16,21,33,05,06
776,19111,06,15,20,23,27,08,10
777,19110,01,19,23,24,30,04,05
778,19109,02,07,08,20,25,11,12
779,19108,24,27,28,31,34,04,08
780,19107,05,09,19,27,35,02,03
781,19106,05,08,10,32,35,02,10
782,19105,01,04,09,14,17,01,06
783,19104,02,07,19,22,28,03,05
784,19103,05,12,22,27,32,04,07
785,19102,05,10,15,19,31,03,06
786,19101,05,11,18,19,27,05,06
787,19100,05,08,12,19,21,06,11
788,19099,04,06,18,27,33,07,09
789,19098,13,15,17,19,22,03,04
790,19097,10,17,20,30,35,10,12
791,19096,02,12,22,23,27,02,06
792,19095,03,12,17,19,31,02,06
793,19094,01,12,14,26,27,07,09
794,19093,16,17,26,29,35,01,07
795,19092,02,11,15,27,30,02,05
796,19091,04,13,20,26,28,03,12
797,19090,13,19,28,30,33,02,12
798,19089,09,14,18,33,34,03,12
799,19088,01,05,18,27,33,06,08
800,19087,05,06,18,19,27,07,12
801,19086,05,15,16,28,31,02,07
802,19085,04,05,06,15,26,08,11
803,19084,12,23,25,34,35,01,07
804,19083,17,24,26,28,32,07,09
805,19082,06,18,20,21,31,03,04
806,19081,06,24,26,30,33,02,07
807,19080,05,13,18,19,24,02,07
808,19079,10,13,16,28,35,04,05
809,19078,05,10,21,26,30,01,07
810,19077,01,15,17,21,33,07,10
811,19076,01,06,11,23,29,01,11
812,19075,05,06,07,11,16,02,11
813,19074,08,09,13,14,34,05,07
814,19073,04,11,19,20,24,08,11
815,19072,02,04,06,09,18,07,10
816,19071,07,13,14,15,22,07,11
817,19070,02,13,15,22,34,02,12
818,19069,08,22,23,33,34,04,06
819,19068,04,05,08,17,27,06,11
820,19067,03,08,11,15,16,02,10
821,19066,04,10,11,18,31,05,08
822,19065,03,08,10,23,27,02,12
823,19064,07,08,13,19,29,11,12
824,19063,05,08,15,18,21,04,08
825,19062,05,16,23,25,28,01,12
826,19061,01,02,13,14,26,05,11
827,19060,01,11,12,18,21,08,10
828,19059,07,08,15,27,32,08,12
829,19058,03,10,13,14,32,07,11
830,19057,08,14,16,34,35,06,12
831,19056,01,07,10,12,23,06,08
832,19055,02,04,06,19,22,02,06
833,19054,02,18,23,27,30,05,10
834,19053,01,11,19,26,35,11,12
835,19052,04,10,15,20,24,07,11
836,19051,11,15,16,20,29,04,08
837,19050,04,15,16,20,35,03,12
838,19049,10,16,22,26,27,07,11
839,19048,06,10,16,29,33,05,11
840,19047,03,04,10,16,32,04,09
841,19046,02,08,14,15,35,10,12
842,19045,01,04,16,19,33,03,12
843,19044,03,06,10,12,31,01,02
844,19043,02,06,07,12,15,06,12
845,19042,04,10,13,28,33,11,12
846,19041,12,19,20,22,28,02,06
847,19040,01,03,31,32,34,01,03
848,19039,01,12,18,26,35,06,12
849,19038,05,11,16,18,27,07,12
850,19037,06,16,26,33,35,04,08
851,19036,03,09,21,28,30,01,12
852,19035,01,03,05,07,18,08,09
853,19034,08,12,15,27,30,01,02
854,19033,01,02,04,16,24,07,09
855,19032,01,04,07,11,30,07,08
856,19031,03,08,21,26,33,04,05
857,19030,07,09,13,14,33,02,04
858,19029,01,04,18,24,28,02,03
859,19028,06,22,28,29,33,02,07
860,19027,16,18,24,25,27,02,07
861,19026,10,12,15,17,19,02,03
862,19025,06,13,16,19,29,03,07
863,19024,11,17,19,29,33,08,09
864,19023,01,03,14,26,30,06,11
865,19022,01,04,14,15,21,01,05
866,19021,07,13,17,24,33,01,10
867,19020,01,08,16,27,34,03,12
868,19019,04,11,19,25,32,01,02
869,19018,03,18,19,26,34,06,12
870,19017,01,05,07,22,25,03,04
871,19016,03,05,13,16,28,02,06
872,19015,02,05,10,13,30,04,06
873,19014,12,14,20,28,31,09,11
874,19013,08,10,15,17,18,01,08
875,19012,05,09,17,18,19,07,10
876,19011,04,12,13,16,17,04,09
877,19010,03,07,24,25,27,02,12
878,19009,03,09,15,18,26,06,12
879,19008,03,08,17,20,24,06,11
880,19007,03,12,16,29,32,01,05
881,19006,14,17,19,25,30,04,08
882,19005,21,26,27,29,34,05,06
883,19004,15,16,17,31,32,03,09
884,19003,04,08,18,20,32,10,12
885,19002,02,07,14,22,31,01,07
886,19001,06,18,23,26,28,03,12
887,18154,14,22,23,26,30,03,05
888,18153,03,06,07,08,21,01,08
889,18152,02,04,05,12,28,08,11
890,18151,04,08,18,29,30,03,07
891,18150,05,12,13,31,34,10,12
892,18149,01,07,10,11,20,03,06
893,18148,02,06,24,33,34,02,03
894,18147,01,11,26,33,35,02,10
895,18146,03,08,09,13,33,01,02
896,18145,09,18,29,31,33,06,11
897,18144,06,17,18,24,31,07,11
898,18143,04,07,20,22,33,01,02
899,18142,19,24,28,29,34,10,11
900,18141,03,07,23,26,33,04,09
901,18140,01,06,08,12,15,03,04
902,18139,05,11,16,28,35,06,09
903,18138,01,23,24,28,33,04,05
904,18137,07,10,22,23,33,08,11
905,18136,03,11,12,19,21,05,11
906,18135,14,19,23,27,34,06,12
907,18134,04,05,19,31,35,02,12
908,18133,08,12,14,15,19,01,10
909,18132,03,16,22,23,27,01,04
910,18131,12,14,21,32,33,02,11
911,18130,03,04,16,18,25,01,11
912,18129,04,07,21,22,29,03,06
913,18128,11,12,14,16,26,08,09
914,18127,01,03,04,11,29,08,12
915,18126,11,13,15,21,27,05,06
916,18125,07,16,20,21,34,04,06
917,18124,08,10,12,19,20,10,11
918,18123,06,09,29,32,35,02,04
919,18122,08,09,21,30,31,05,12
920,18121,06,07,21,29,30,01,10
921,18120,21,22,25,27,30,08,09
922,18119,06,09,11,16,35,02,05
923,18118,04,05,14,21,34,06,09
924,18117,07,11,13,22,29,03,08
925,18116,01,14,17,21,33,07,10
926,18115,02,06,13,18,25,01,02
927,18114,12,18,26,28,29,05,06
928,18113,08,12,27,31,33,04,08
929,18112,03,07,08,09,29,09,10
930,18111,03,16,27,28,32,04,05
931,18110,06,19,21,27,28,03,11
932,18109,10,16,23,25,34,02,05
933,18108,09,10,24,31,32,07,12
934,18107,07,08,09,10,22,03,04
935,18106,04,14,17,24,31,01,04
936,18105,01,16,19,20,31,02,07
937,18104,01,13,14,26,28,07,11
938,18103,14,24,26,28,35,02,03
939,18102,06,07,13,22,24,10,12
940,18101,03,14,15,23,29,04,05
941,18100,06,20,21,26,30,06,09
942,18099,12,13,16,20,21,01,07
943,18098,02,15,18,25,27,05,07
944,18097,10,12,14,18,23,01,04
945,18096,13,14,20,28,34,06,10
946,18095,07,14,18,29,35,05,12
947,18094,11,16,25,30,34,08,10
948,18093,03,11,16,18,33,03,11
949,18092,05,07,14,18,19,04,10
950,18091,06,22,26,28,31,01,07
951,18090,06,20,24,33,34,04,11
952,18089,26,27,28,32,34,06,10
953,18088,08,09,21,25,33,01,08
954,18087,03,14,19,23,25,01,04
955,18086,16,22,24,29,31,04,05
956,18085,01,02,14,25,31,05,07
957,18084,06,11,17,22,35,11,12
958,18083,07,12,25,27,28,10,11
959,18082,01,02,14,17,18,08,10
960,18081,02,10,13,21,35,01,12
961,18080,07,16,24,26,31,10,11
962,18079,03,04,10,27,29,01,05
963,18078,07,11,12,22,30,03,06
964,18077,01,06,09,15,26,08,09
965,18076,07,18,28,29,32,06,08
966,18075,01,06,12,20,34,04,12
967,18074,03,09,12,28,30,04,12
968,18073,13,19,24,25,29,02,08
969,18072,05,12,17,24,26,01,02
970,18071,02,05,23,30,31,03,09
971,18070,02,05,10,16,30,04,07
972,18069,01,08,13,21,24,02,11
973,18068,08,12,16,26,33,05,06
974,18067,03,07,12,18,31,07,10
975,18066,01,20,23,32,33,01,04
976,18065,07,10,28,31,32,08,10
977,18064,01,03,04,11,29,02,04
978,18063,05,14,15,32,34,03,10
979,18062,12,14,19,23,35,02,07
980,18061,04,10,12,28,31,08,11
981,18060,04,22,27,29,31,02,10
982,18059,01,09,10,27,35,06,11
983,18058,09,11,12,26,32,04,10
984,18057,13,19,22,27,28,05,06
985,18056,02,04,16,28,34,05,07
986,18055,03,07,20,33,34,09,10
987,18054,09,10,12,20,30,01,07
988,18053,11,16,21,23,25,02,12
989,18052,05,16,18,19,25,02,07
990,18051,09,18,28,29,35,03,11
991,18050,22,24,26,34,35,06,12
992,18049,04,07,09,10,13,06,12
993,18048,02,03,11,20,25,02,07
994,18047,03,08,10,14,20,04,08
995,18046,10,20,22,29,32,05,10
996,18045,02,05,20,30,35,05,09
997,18044,02,04,06,18,21,05,08
998,18043,03,06,13,28,33,04,11
999,18042,03,19,25,29,35,05,09
1000,18041,01,23,25,31,33,01,12
1001,18040,05,07,18,27,31,01,08
1002,18039,02,07,14,29,32,10,11
1003,18038,14,23,25,31,32,01,03
1004,18037,01,03,27,30,31,02,11
1005,18036,11,17,18,21,27,07,08
1006,18035,05,07,10,12,24,07,11
1007,18034,08,11,22,27,32,03,07
1008,18033,02,03,19,23,34,04,09
1009,18032,07,10,17,32,35,05,12
1010,18031,03,08,13,17,23,05,11
1011,18030,05,18,21,28,32,09,11
1012,18029,03,09,21,25,29,01,08
1013,18028,04,19,25,30,35,04,07
1014,18027,01,18,20,21,26,04,11
1015,18026,01,02,03,04,30,03,05
1016,18025,07,08,09,15,34,07,08
1017,18024,02,16,24,30,32,04,07
1018,18023,12,13,18,21,29,02,08
1019,18022,02,10,19,33,35,05,06
1020,18021,05,06,08,09,15,04,11
1021,18020,01,10,13,14,21,09,12
1022,18019,10,11,19,21,28,05,12
1023,18018,06,08,13,24,28,06,12
1024,18017,04,19,21,23,31,04,09
1025,18016,01,02,12,13,23,09,12
1026,18015,04,13,15,18,29,05,11
1027,18014,14,16,18,24,31,01,08
1028,18013,08,24,31,33,35,07,10
1029,18012,03,22,24,29,34,07,11
1030,18011,03,13,15,23,26,01,10
1031,18010,24,25,26,28,29,04,12
1032,18009,10,12,28,30,34,03,04
1033,18008,09,15,17,20,22,10,11
1034,18007,03,04,28,31,34,04,11
1035,18006,19,20,30,32,33,03,05
1036,18005,04,09,23,24,30,08,11
1037,18004,04,09,22,28,30,01,10
1038,18003,04,21,23,24,30,09,10
1039,18002,12,20,23,27,34,01,06
1040,18001,01,13,22,25,35,03,04
1041,17153,01,09,24,26,34,09,12
1042,17152,02,04,07,23,28,02,08
1043,17151,05,06,23,28,32,04,05
1044,17150,03,06,10,13,18,09,11
1045,17149,10,18,19,25,26,04,12
1046,17148,19,27,31,32,35,11,12
1047,17147,05,16,17,25,34,01,11
1048,17146,01,05,11,14,35,09,10
1049,17145,04,07,17,18,19,03,10
1050,17144,03,21,23,29,32,10,11
1051,17143,06,09,24,29,32,02,07
1052,17142,01,05,16,19,28,02,10
1053,17141,02,08,21,22,29,03,05
1054,17140,10,16,25,26,29,01,05
1055,17139,02,06,19,25,32,09,12
1056,17138,04,07,09,20,25,02,11
1057,17137,01,20,22,28,29,05,07
1058,17136,01,11,20,21,22,03,04
1059,17135,01,12,15,19,22,02,04
1060,17134,07,18,19,32,34,02,10
1061,17133,15,17,19,32,33,01,03
1062,17132,11,17,23,26,27,01,10
1063,17131,03,05,08,19,34,01,12
1064,17130,05,18,28,33,34,03,04
1065,17129,05,17,20,32,33,04,09
1066,17128,09,11,13,18,33,02,03
1067,17127,02,15,18,21,22,03,10
1068,17126,03,04,13,24,33,01,11
1069,17125,07,11,18,26,28,04,05
1070,17124,03,29,30,32,35,03,08
1071,17123,03,15,23,26,32,01,12
1072,17122,03,12,18,29,34,03,11
1073,17121,01,06,12,26,31,01,07
1074,17120,08,15,24,26,27,05,06
1075,17119,05,07,13,29,35,03,08
1076,17118,02,07,16,20,33,03,11
1077,17117,05,07,09,24,32,08,10
1078,17116,02,27,30,32,33,01,03
1079,17115,14,19,20,25,31,06,08
1080,17114,06,07,12,18,23,01,12
1081,17113,05,08,17,18,23,04,12
1082,17112,05,06,20,31,32,06,12
1083,17111,02,14,17,26,34,08,12
1084,17110,10,14,20,21,35,02,05
1085,17109,06,09,19,26,34,05,07
1086,17108,01,04,15,21,22,04,09
1087,17107,04,10,19,25,27,06,12
1088,17106,09,12,18,23,29,02,04
1089,17105,04,15,22,24,32,02,09
1090,17104,09,11,22,27,30,09,11
1091,17103,04,19,20,24,29,03,04
1092,17102,01,12,23,24,29,08,12
1093,17101,05,15,21,25,29,05,08
1094,17100,02,05,18,19,31,01,09
1095,17099,08,09,17,18,24,03,07
1096,17098,06,09,17,30,35,10,11
1097,17097,07,14,19,22,34,07,12
1098,17096,03,07,09,17,28,04,12
1099,17095,15,32,33,34,35,03,12
1100,17094,03,05,08,29,33,04,08
1101,17093,05,06,17,21,29,02,04
1102,17092,03,07,09,17,34,04,05
1103,17091,01,05,07,16,19,03,12
1104,17090,03,06,15,22,35,09,11
1105,17089,03,05,06,15,18,03,10
1106,17088,05,28,31,34,35,08,09
1107,17087,03,14,21,29,35,02,06
1108,17086,12,15,18,22,31,01,08
1109,17085,09,13,14,25,30,02,05
1110,17084,06,11,14,21,31,09,12
1111,17083,02,05,14,22,34,03,09
1112,17082,05,13,20,21,25,08,09
1113,17081,02,12,15,20,34,01,06
1114,17080,08,10,21,30,31,02,05
1115,17079,01,17,19,32,33,02,11
1116,17078,04,05,27,31,34,03,06
1117,17077,01,03,04,25,31,06,09
1118,17076,02,07,25,30,35,07,12
1119,17075,05,11,16,18,35,01,06
1120,17074,08,10,11,13,17,08,11
1121,17073,07,18,28,31,33,01,02
1122,17072,01,03,29,32,34,02,05
1123,17071,01,04,11,14,33,05,07
1124,17070,06,16,18,26,30,02,03
1125,17069,10,16,20,23,32,08,11
1126,17068,07,08,19,24,27,06,07
1127,17067,10,17,18,32,35,10,11
1128,17066,11,15,23,26,30,02,11
1129,17065,05,11,12,19,28,05,12
1130,17064,01,08,20,27,30,03,04
1131,17063,18,21,22,24,29,05,11
1132,17062,01,04,06,08,28,08,12
1133,17061,10,19,23,25,30,02,04
1134,17060,09,15,20,26,31,05,12
1135,17059,08,11,13,15,17,03,10
1136,17058,14,18,20,21,28,03,06
1137,17057,12,16,19,23,24,02,05
1138,17056,01,04,24,27,32,03,10
1139,17055,19,20,22,30,33,03,09
1140,17054,16,29,30,32,33,04,05
1141,17053,06,19,20,22,26,01,11
1142,17052,03,19,24,28,33,04,12
1143,17051,14,17,18,22,29,10,11
1144,17050,12,14,17,20,28,02,06
1145,17049,09,12,14,22,31,05,08
1146,17048,07,09,13,15,19,03,10
1147,17047,15,19,32,33,34,09,12
1148,17046,04,17,20,23,30,02,03
1149,17045,01,08,11,21,35,09,12
1150,17044,11,16,17,18,25,02,09
1151,17043,06,13,22,25,35,09,12
1152,17042,02,17,31,33,34,01,07
1153,17041,02,04,06,25,31,05,09
1154,17040,04,06,10,23,29,09,11
1155,17039,05,06,14,17,26,03,08
1156,17038,04,05,13,18,27,03,09
1157,17037,13,15,16,32,34,06,11
1158,17036,01,04,09,18,33,02,05
1159,17035,14,17,22,30,33,07,12
1160,17034,06,12,21,26,29,02,11
1161,17033,15,22,23,25,34,05,11
1162,17032,02,13,14,18,29,03,09
1163,17031,02,16,17,30,32,02,09
1164,17030,21,22,24,29,34,05,06
1165,17029,01,06,14,17,29,01,11
1166,17028,06,18,22,23,33,09,11
1167,17027,08,17,25,33,34,03,11
1168,17026,10,14,19,25,32,02,07
1169,17025,10,16,19,20,34,04,05
1170,17024,21,23,29,32,35,11,12
1171,17023,05,08,12,24,34,07,10
1172,17022,02,03,09,17,24,06,12
1173,17021,01,15,17,20,26,06,08
1174,17020,16,21,24,27,28,04,07
1175,17019,02,06,14,23,25,02,10
1176,17018,06,07,10,17,23,01,09
1177,17017,04,19,24,26,29,04,06
1178,17016,03,13,28,30,33,09,10
1179,17015,01,07,19,27,34,01,02
1180,17014,04,08,15,24,25,02,05
1181,17013,05,12,17,30,34,11,12
1182,17012,04,05,24,26,35,07,12
1183,17011,05,15,21,29,34,06,09
1184,17010,04,10,13,18,35,01,02
1185,17009,05,06,08,12,22,03,04
1186,17008,03,04,09,25,32,02,04
1187,17007,08,11,17,25,27,02,04
1188,17006,04,06,23,32,33,05,06
1189,17005,05,09,20,26,35,02,11
1190,17004,05,08,11,28,31,06,07
1191,17003,03,05,06,13,22,09,12
1192,17002,07,12,14,31,34,09,11
1193,17001,07,09,20,31,33,08,10
1194,16154,06,16,17,21,29,04,06
1195,16153,13,18,25,29,35,03,11
1196,16152,08,17,22,24,30,05,11
1197,16151,04,07,11,14,21,05,12
1198,16150,01,10,18,24,29,07,10
1199,16149,01,02,03,12,33,04,09
1200,16148,05,14,15,23,25,06,08
1201,16147,07,19,20,28,30,04,12
1202,16146,21,22,25,29,34,01,11
1203,16145,01,09,11,17,28,03,08
1204,16144,04,05,13,22,31,05,10
1205,16143,04,06,22,27,31,06,07
1206,16142,01,06,17,23,26,06,12
1207,16141,02,06,07,19,28,11,12
1208,16140,12,16,23,29,34,04,11
1209,16139,13,21,30,31,35,01,08
1210,16138,12,13,16,29,35,05,11
1211,16137,07,20,23,29,34,02,10
1212,16136,05,06,07,19,23,04,11
1213,16135,01,10,12,18,35,01,12
1214,16134,01,03,31,32,34,02,07
1215,16133,01,04,05,23,28,05,09
1216,16132,04,18,19,22,35,01,02
1217,16131,06,13,25,28,30,02,07
1218,16130,11,23,32,33,34,01,12
1219,16129,07,08,19,30,35,08,09
1220,16128,17,20,22,30,33,07,08
1221,16127,01,05,15,24,26,09,10
1222,16126,11,13,16,19,24,06,08
1223,16125,06,07,08,28,30,01,02
1224,16124,04,13,24,26,29,08,11
1225,16123,04,05,13,20,32,01,10
1226,16122,01,03,12,14,29,02,06
1227,16121,04,05,08,15,20,01,06
1228,16120,03,10,20,32,34,04,07
1229,16119,02,03,09,21,22,05,10
1230,16118,12,15,18,24,29,03,11
1231,16117,03,09,14,16,23,02,09
1232,16116,04,06,08,19,34,10,12
1233,16115,01,04,15,31,34,02,11
1234,16114,16,17,20,32,33,03,07
1235,16113,10,11,17,30,34,03,12
1236,16112,07,22,23,31,32,04,05
1237,16111,04,09,22,26,27,02,12
1238,16110,07,20,21,23,30,07,10
1239,16109,03,25,28,31,34,11,12
1240,16108,10,17,22,23,25,07,09
1241,16107,02,06,19,24,26,04,06
1242,16106,03,21,30,33,35,01,04
1243,16105,08,11,31,34,35,01,02
1244,16104,01,20,22,23,30,06,07
1245,16103,05,14,20,23,29,03,11
1246,16102,03,05,06,34,35,03,12
1247,16101,04,06,28,33,35,07,12
1248,16100,08,12,19,26,30,02,12
1249,16099,03,04,12,14,27,01,05
1250,16098,08,09,11,20,29,04,05
1251,16097,06,08,18,31,33,10,12
1252,16096,01,06,08,12,21,05,10
1253,16095,08,12,18,19,21,03,06
1254,16094,01,14,16,17,18,05,07
1255,16093,01,08,14,30,35,06,07
1256,16092,02,13,31,33,34,07,11
1257,16091,08,13,17,21,22,02,08
1258,16090,04,06,08,28,32,07,12
1259,16089,07,14,17,28,34,07,10
1260,16088,04,06,17,21,30,06,11
1261,16087,03,16,17,23,25,07,09
1262,16086,03,05,22,25,30,07,09
1263,16085,14,15,27,31,32,01,07
1264,16084,08,12,15,26,35,01,08
1265,16083,01,05,09,33,35,01,05
1266,16082,03,08,23,28,29,02,07
1267,16081,06,07,18,21,33,03,08
1268,16080,15,20,29,30,33,07,12
1269,16079,07,14,15,20,27,05,10
1270,16078,07,18,29,31,35,05,11
1271,16077,09,11,14,16,35,02,05
1272,16076,03,08,10,17,31,05,06
1273,16075,03,07,17,22,31,08,12
1274,16074,01,05,07,11,14,03,08
1275,16073,07,14,17,24,27,08,10
1276,16072,16,20,24,26,31,04,09
1277,16071,08,15,19,20,33,07,12
1278,16070,02,09,13,19,23,05,07
1279,16069,14,17,19,23,30,02,09
1280,16068,05,07,22,26,34,07,12
1281,16067,02,08,11,13,19,02,08
1282,16066,10,28,29,31,33,05,11
1283,16065,01,09,18,22,24,11,12
1284,16064,01,02,10,18,35,05,11
1285,16063,08,12,22,27,35,05,09
1286,16062,02,10,14,15,35,01,09
1287,16061,09,15,17,21,23,07,12
1288,16060,02,06,22,27,34,08,11
1289,16059,02,10,27,28,33,05,07
1290,16058,02,15,17,23,28,05,09
1291,16057,08,17,19,23,30,03,08
1292,16056,10,12,14,31,35,04,05
1293,16055,06,21,27,30,34,04,09
1294,16054,02,05,09,21,30,06,07
1295,16053,04,13,15,30,35,03,05
1296,16052,08,14,19,20,33,10,11
1297,16051,16,21,23,24,32,07,08
1298,16050,07,17,21,29,35,04,05
1299,16049,03,04,05,27,33,04,09
1300,16048,04,12,17,25,27,04,10
1301,16047,02,03,23,29,32,05,09
1302,16046,03,19,22,32,34,08,12
1303,16045,07,11,25,30,33,02,08
1304,16044,01,06,10,20,31,05,11
1305,16043,01,09,16,33,34,09,12
1306,16042,02,06,08,19,24,01,06
1307,16041,12,23,24,27,34,03,06
1308,16040,20,22,29,30,35,01,06
1309,16039,01,08,16,22,28,04,05
1310,16038,03,07,09,15,33,05,12
1311,16037,03,05,13,24,34,03,05
1312,16036,07,15,26,30,31,03,06
1313,16035,17,22,24,25,29,09,12
1314,16034,14,18,31,32,35,09,10
1315,16033,03,14,15,31,35,09,10
1316,16032,05,09,14,20,33,05,12
1317,16031,03,14,24,27,29,04,11
1318,16030,10,19,21,29,33,04,06
1319,16029,20,26,27,29,32,05,12
1320,16028,13,18,20,23,31,03,06
1321,16027,06,11,13,15,28,02,06
1322,16026,02,06,29,30,34,01,07
1323,16025,03,06,13,23,24,07,10
1324,16024,01,02,11,15,18,04,08
1325,16023,04,09,14,25,27,06,11
1326,16022,04,18,21,30,35,02,11
1327,16021,01,04,09,10,35,09,11
1328,16020,01,16,22,29,30,02,09
1329,16019,04,11,15,20,26,08,09
1330,16018,05,10,13,27,33,08,11
1331,16017,11,18,24,28,29,05,10
1332,16016,03,10,22,29,32,02,05
1333,16015,01,04,10,13,30,03,09
1334,16014,06,08,21,24,27,02,10
1335,16013,03,21,23,31,35,02,11
1336,16012,05,07,11,23,28,03,12
1337,16011,02,08,10,15,23,05,10
1338,16010,12,13,15,16,28,02,05
1339,16009,05,08,10,17,20,02,12
1340,16008,05,12,31,34,35,04,05
1341,16007,02,05,14,32,35,01,03
1342,16006,14,16,17,22,24,02,09
1343,16005,06,09,12,15,20,08,11
1344,16004,10,20,23,32,35,09,10
1345,16003,04,12,17,22,26,06,07
1346,16002,07,12,18,25,35,07,09
1347,16001,01,07,19,20,30,05,10
1348,15153,01,07,22,27,33,02,11
1349,15152,04,05,22,29,35,02,11
1350,15151,15,16,18,30,35,01,07
1351,15150,04,13,18,25,33,03,07
1352,15149,04,06,10,12,28,02,08
1353,15148,08,11,27,31,33,08,09
1354,15147,01,02,13,18,19,08,10
1355,15146,04,15,19,27,31,04,11
1356,15145,06,07,20,29,32,11,12
1357,15144,01,09,24,26,29,06,11
1358,15143,09,20,31,33,35,10,11
1359,15142,12,14,22,26,30,03,06
1360,15141,02,04,15,19,31,02,03
1361,15140,01,11,15,26,35,06,11
1362,15139,02,03,05,25,32,05,07
1363,15138,01,16,20,29,32,04,07
1364,15137,14,17,21,23,26,08,11
1365,15136,05,20,23,29,32,02,10
1366,15135,05,16,20,25,29,06,08
1367,15134,01,02,06,15,35,04,07
1368,15133,03,07,08,25,30,04,08
1369,15132,03,08,14,18,27,01,05
1370,15131,11,17,19,20,27,02,03
1371,15130,17,25,31,32,34,02,12
1372,15129,01,06,23,25,29,03,09
1373,15128,10,12,23,30,32,03,04
1374,15127,09,11,14,19,30,03,08
1375,15126,04,05,08,09,21,03,06
1376,15125,02,03,15,17,28,08,10
1377,15124,04,06,12,31,32,03,06
1378,15123,04,15,27,29,30,02,10
1379,15122,11,13,15,26,35,06,11
1380,15121,02,04,17,27,28,04,06
1381,15120,01,09,15,24,32,05,10
1382,15119,01,08,12,16,21,06,11
1383,15118,03,07,20,24,31,04,09
1384,15117,06,17,20,30,33,10,11
1385,15116,07,10,19,24,33,03,07
1386,15115,08,12,13,14,16,03,09
1387,15114,09,18,24,31,34,02,10
1388,15113,01,14,21,29,33,02,10
1389,15112,04,05,15,19,28,04,11
1390,15111,07,08,16,24,28,03,10
1391,15110,02,07,10,22,30,07,11
1392,15109,01,06,11,22,31,03,12
1393,15108,01,13,16,26,31,07,12
1394,15107,03,23,25,28,29,06,07
1395,15106,02,11,13,22,30,02,03
1396,15105,08,09,15,21,27,05,09
1397,15104,16,19,25,30,34,04,09
1398,15103,07,09,15,25,34,04,10
1399,15102,11,14,15,33,34,03,12
1400,15101,06,12,17,18,32,07,12
1401,15100,09,15,18,23,32,05,07
1402,15099,09,12,14,22,25,05,10
1403,15098,09,14,21,27,33,06,09
1404,15097,04,16,17,26,27,01,04
1405,15096,03,09,12,18,21,02,06
1406,15095,08,14,26,34,35,05,10
1407,15094,02,03,10,11,29,03,07
1408,15093,16,17,25,26,27,02,04
1409,15092,02,14,21,27,34,05,08
1410,15091,02,07,28,29,30,03,07
1411,15090,06,09,11,17,21,06,08
1412,15089,05,12,18,20,27,10,12
1413,15088,05,15,28,31,34,11,12
1414,15087,02,05,15,17,22,01,11
1415,15086,05,09,11,15,32,04,09
1416,15085,02,03,04,06,16,03,12
1417,15084,10,20,21,32,34,06,07
1418,15083,14,16,19,25,29,10,12
1419,15082,08,15,28,31,33,03,06
1420,15081,03,04,10,13,17,05,09
1421,15080,14,20,29,30,32,03,08
1422,15079,01,09,17,23,24,04,05
1423,15078,19,24,26,28,33,01,02
1424,15077,01,16,17,22,28,02,09
1425,15076,03,19,21,31,34,05,12
1426,15075,13,14,26,27,33,10,12
1427,15074,01,12,21,27,33,04,09
1428,15073,09,26,27,30,34,01,06
1429,15072,19,20,21,31,33,09,10
1430,15071,04,06,13,16,34,04,10
1431,15070,03,09,12,17,18,04,12
1432,15069,02,09,11,22,25,01,07
1433,15068,02,03,20,31,35,04,08
1434,15067,04,10,18,24,27,04,11
1435,15066,01,03,07,13,29,02,10
1436,15065,04,05,07,13,35,08,11
1437,15064,02,08,20,28,31,07,10
1438,15063,01,04,06,34,35,02,04
1439,15062,06,07,13,14,15,01,04
1440,15061,06,07,08,16,22,02,10
1441,15060,16,24,25,26,33,04,11
1442,15059,07,09,19,23,32,01,03
1443,15058,10,14,20,27,30,07,12
1444,15057,01,05,07,14,26,04,06
1445,15056,06,12,19,26,35,03,10
1446,15055,06,11,14,20,30,05,10
1447,15054,02,09,15,24,34,03,09
1448,15053,08,25,28,29,32,04,07
1449,15052,13,19,24,27,29,07,08
1450,15051,01,02,11,16,21,01,05
1451,15050,06,07,10,20,28,02,07
1452,15049,08,09,11,15,22,08,10
1453,15048,10,11,22,24,33,02,09
1454,15047,01,02,17,23,31,05,12
1455,15046,05,07,10,22,26,04,10
1456,15045,08,09,22,29,30,08,12
1457,15044,16,18,27,31,33,01,03
1458,15043,02,20,22,25,29,02,07
1459,15042,03,07,12,17,24,02,11
1460,15041,01,11,21,23,28,01,10
1461,15040,02,09,10,23,35,09,12
1462,15039,03,06,07,16,25,01,06
1463,15038,12,19,22,31,35,07,08
1464,15037,10,16,21,28,31,07,08
1465,15036,14,18,20,23,24,04,08
1466,15035,22,24,29,30,35,01,10
1467,15034,04,08,15,18,26,05,09
1468,15033,03,17,22,26,28,03,07
1469,15032,06,21,25,27,30,07,11
1470,15031,07,21,29,32,33,04,12
1471,15030,09,18,19,26,31,02,05
1472,15029,07,10,19,30,35,03,05
1473,15028,03,09,28,32,33,09,10
1474,15027,05,21,22,25,28,03,10
1475,15026,11,13,14,15,22,02,08
1476,15025,07,10,20,22,27,10,11
1477,15024,02,06,08,16,34,03,04
1478,15023,06,09,11,12,22,03,11
1479,15022,09,11,14,15,26,11,12
1480,15021,22,23,24,26,31,05,06
1481,15020,11,26,28,29,32,01,04
1482,15019,02,08,16,22,24,01,03
1483,15018,04,07,10,23,31,03,07
1484,15017,07,13,16,17,29,01,07
1485,15016,06,07,16,20,34,09,11
1486,15015,01,05,13,17,32,04,11
1487,15014,08,16,25,29,35,03,10
1488,15013,11,15,25,28,35,07,10
1489,15012,03,04,06,11,31,05,09
1490,15011,04,13,22,25,30,01,06
1491,15010,02,06,17,30,35,02,07
1492,15009,17,22,26,27,33,06,10
1493,15008,07,10,11,15,17,03,10
1494,15007,02,07,08,14,31,04,08
1495,15006,06,08,30,32,33,03,07
1496,15005,11,14,15,18,19,07,08
1497,15004,03,12,14,18,28,05,06
1498,15003,12,19,27,28,34,01,12
1499,15002,03,14,20,26,32,06,10
1500,15001,08,09,19,27,30,06,07
1501,14154,05,12,17,23,28,02,09
1502,14153,01,08,13,24,32,05,10
1503,14152,05,12,18,24,33,01,05
1504,14151,03,08,26,31,32,08,12
1505,14150,19,21,30,33,35,05,07
1506,14149,02,13,19,26,35,01,05
1507,14148,03,09,10,11,20,07,09
1508,14147,05,09,14,26,34,02,09
1509,14146,02,16,23,24,28,10,11
1510,14145,15,19,22,24,26,10,11
1511,14144,01,21,24,25,35,04,11
1512,14143,01,11,14,18,25,06,10
1513,14142,18,21,25,28,30,04,06
1514,14141,04,17,20,26,29,05,08
1515,14140,01,19,20,25,34,07,12
1516,14139,03,05,07,15,34,01,10
1517,14138,01,07,29,32,34,09,12
1518,14137,02,11,16,22,34,02,05
1519,14136,04,18,20,34,35,07,11
1520,14135,20,26,28,30,35,09,12
1521,14134,02,05,07,11,32,09,12
1522,14133,02,08,12,14,18,04,12
1523,14132,01,03,04,19,32,01,07
1524,14131,03,16,19,23,27,03,07
1525,14130,02,18,31,32,33,05,07
1526,14129,07,22,28,30,32,05,06
1527,14128,02,04,16,22,34,08,11
1528,14127,02,04,06,15,19,02,11
1529,14126,02,09,22,30,34,09,10
1530,14125,12,15,19,23,31,04,10
1531,14124,01,03,28,29,35,08,12
1532,14123,01,09,12,22,25,02,09
1533,14122,03,10,25,26,35,01,07
1534,14121,13,16,18,22,32,08,10
1535,14120,01,04,06,18,33,05,11
1536,14119,04,08,09,13,18,08,12
1537,14118,02,03,23,24,26,05,11
1538,14117,03,14,17,18,33,06,09
1539,14116,06,13,15,24,27,04,05
1540,14115,01,05,26,29,30,02,10
1541,14114,03,16,24,30,33,05,08
1542,14113,02,13,17,19,23,01,06
1543,14112,03,05,14,18,32,02,10
1544,14111,11,16,18,20,29,03,04
1545,14110,09,18,19,22,24,08,11
1546,14109,15,18,20,21,23,01,02
1547,14108,01,02,13,23,35,09,12
1548,14107,05,13,14,21,34,08,10
1549,14106,05,09,11,20,22,05,11
1550,14105,04,10,26,29,32,04,08
1551,14104,07,13,14,28,32,04,11
1552,14103,14,20,23,25,26,10,12
1553,14102,01,07,14,19,20,03,12
1554,14101,09,10,12,17,28,03,11
1555,14100,02,04,08,12,35,01,07
1556,14099,15,21,22,23,33,01,07
1557,14098,16,18,22,25,35,03,10
1558,14097,03,15,20,21,23,07,09
1559,14096,03,07,21,23,31,05,10
1560,14095,06,22,30,31,34,05,06
1561,14094,13,14,24,25,34,04,07
1562,14093,03,08,30,32,34,09,11
1563,14092,02,18,27,30,32,05,11
1564,14091,10,16,18,29,32,02,07
1565,14090,02,03,20,23,28,06,08
1566,14089,02,08,12,29,30,07,12
1567,14088,07,13,20,25,26,08,11
1568,14087,04,07,31,33,35,09,10
1569,14086,06,08,27,29,35,03,09
1570,14085,06,12,13,25,29,11,12
1571,14084,02,07,09,11,28,05,09
1572,14083,18,20,24,33,35,05,10
1573,14082,01,08,18,23,25,08,12
1574,14081,03,05,08,10,25,09,12
1575,14080,17,20,23,25,27,03,10
1576,14079,09,10,20,31,32,06,10
1577,14078,10,15,16,22,28,04,05
1578,14077,09,16,26,31,32,01,05
1579,14076,05,10,19,31,32,09,10
1580,14075,05,07,29,32,35,04,10
1581,14074,06,11,22,27,30,05,11
1582,14073,04,05,07,13,35,05,06
1583,14072,17,19,22,24,30,02,09
1584,14071,04,14,15,22,23,01,07
1585,14070,01,02,07,10,32,04,12
1586,14069,16,22,27,29,31,02,09
1587,14068,05,15,24,29,35,05,06
1588,14067,03,18,23,24,31,03,07
1589,14066,08,14,16,20,31,03,11
1590,14065,07,12,19,31,33,07,12
1591,14064,08,15,33,34,35,01,08
1592,14063,11,17,21,23,34,03,04
1593,14062,04,07,17,24,25,02,04
1594,14061,04,11,17,20,29,06,10
1595,14060,12,22,29,30,34,05,11
1596,14059,07,15,17,25,29,04,11
1597,14058,09,15,22,24,26,02,07
1598,14057,08,10,20,27,33,01,09
1599,14056,12,18,28,29,35,07,08
1600,14055,04,23,26,27,35,10,11
1601,14054,02,03,20,25,34,01,12
1602,14053,02,11,17,27,30,03,04
1603,14052,14,19,21,24,30,02,07
1604,14051,01,07,11,29,30,03,11
1605,14050,10,18,27,28,35,01,06
1606,14049,03,15,17,22,31,03,05
1607,14048,01,02,05,15,35,01,11
1608,14047,06,17,18,30,34,06,12
1609,14046,03,15,18,21,26,01,06
1610,14045,06,10,12,16,30,02,11
1611,14044,22,23,25,27,35,03,11
1612,14043,01,11,23,29,30,01,12
1613,14042,16,21,25,27,35,06,11
1614,14041,05,07,11,15,18,05,12
1615,14040,12,15,21,30,33,02,08
1616,14039,02,05,11,15,20,08,11
1617,14038,07,08,12,20,32,03,05
1618,14037,03,04,08,19,34,02,04
1619,14036,01,02,12,17,29,03,08
1620,14035,09,12,14,28,29,03,10
1621,14034,03,11,14,27,32,05,07
1622,14033,01,07,08,28,29,04,08
1623,14032,02,05,06,09,31,02,09
1624,14031,06,15,27,32,33,03,04
1625,14030,03,14,18,29,35,11,12
1626,14029,03,21,22,23,35,05,09
1627,14028,03,10,20,25,30,10,12
1628,14027,09,10,24,28,29,10,12
1629,14026,05,10,12,15,26,04,08
1630,14025,19,20,27,32,34,06,08
1631,14024,07,11,15,31,32,06,11
1632,14023,04,13,15,29,33,05,09
1633,14022,03,06,10,16,25,10,11
1634,14021,06,10,17,23,24,03,09
1635,14020,01,14,17,30,35,06,07
1636,14019,07,12,22,29,32,11,12
1637,14018,08,09,12,28,34,02,12
1638,14017,05,10,11,23,34,01,10
1639,14016,04,06,13,24,34,04,09
1640,14015,04,06,18,20,30,05,07
1641,14014,01,09,11,27,29,03,11
1642,14013,10,11,13,22,28,04,12
1643,14012,09,20,21,23,29,05,07
1644,14011,04,06,14,24,35,07,12
1645,14010,05,10,20,26,27,01,03
1646,14009,10,18,25,29,33,07,08
1647,14008,11,13,20,28,35,01,05
1648,14007,08,11,14,21,32,03,11
1649,14006,01,04,07,16,35,06,08
1650,14005,15,17,18,29,33,04,08
1651,14004,07,10,19,27,28,09,12
1652,14003,07,11,13,21,33,05,06
1653,14002,01,12,21,24,29,01,07
1654,14001,05,13,20,23,29,08,11
1655,13153,04,05,16,17,30,03,09
1656,13152,09,12,14,18,19,03,09
1657,13151,02,13,21,27,30,03,04
1658,13150,06,07,14,18,22,08,11
1659,13149,06,07,08,09,13,05,07
1660,13148,02,05,09,29,32,03,07
1661,13147,03,09,22,24,25,05,09
1662,13146,06,07,15,25,31,01,09
1663,13145,02,13,15,18,20,02,11
1664,13144,03,20,21,23,35,02,08
1665,13143,03,08,14,21,31,06,08
1666,13142,06,11,25,28,29,04,12
1667,13141,05,15,18,25,31,08,10
1668,13140,01,12,17,26,28,01,06
1669,13139,05,06,18,20,31,06,07
1670,13138,03,08,13,17,24,07,09
1671,13137,04,12,32,33,34,06,08
1672,13136,05,11,15,25,28,05,11
1673,13135,04,13,19,25,26,07,12
1674,13134,02,13,19,23,32,02,09
1675,13133,02,08,10,16,17,09,12
1676,13132,23,26,28,31,34,02,10
1677,13131,12,15,29,30,31,04,12
1678,13130,08,09,15,19,30,06,09
1679,13129,11,23,29,30,33,01,04
1680,13128,11,13,27,33,35,01,02
1681,13127,03,14,16,19,32,05,10
1682,13126,09,10,15,18,30,03,06
1683,13125,04,08,14,23,28,04,08
1684,13124,05,07,18,21,32,10,11
1685,13123,02,09,10,33,34,05,12
1686,13122,15,17,20,24,35,04,12
1687,13121,03,18,19,20,24,03,12
1688,13120,06,14,15,22,26,03,11
1689,13119,01,02,16,23,35,01,11
1690,13118,04,06,11,20,31,01,05
1691,13117,05,16,23,25,33,07,12
1692,13116,13,22,23,30,33,09,11
1693,13115,05,16,29,32,34,04,11
1694,13114,06,17,21,23,33,01,09
1695,13113,19,21,23,28,30,08,12
1696,13112,02,10,20,22,29,05,12
1697,13111,07,12,13,20,27,01,03
1698,13110,07,16,18,32,33,02,07
1699,13109,13,20,26,29,32,02,06
1700,13108,05,10,13,15,18,02,11
1701,13107,07,13,14,18,25,05,12
1702,13106,06,07,12,13,27,03,12
1703,13105,07,13,27,30,34,01,12
1704,13104,02,05,11,27,29,01,11
1705,13103,05,08,13,16,31,03,09
1706,13102,06,12,15,19,26,02,11
1707,13101,04,09,13,15,32,02,09
1708,13100,09,12,24,26,30,05,09
1709,13099,04,11,28,30,33,05,12
1710,13098,02,06,16,29,34,10,11
1711,13097,07,08,13,17,32,03,08
1712,13096,17,19,20,22,26,06,08
1713,13095,03,17,28,30,33,01,10
1714,13094,03,28,33,34,35,06,09
1715,13093,01,05,17,18,26,05,07
1716,13092,07,10,21,27,33,03,09
1717,13091,04,09,28,34,35,02,08
1718,13090,02,26,30,31,33,11,12
1719,13089,06,07,23,24,29,04,11
1720,13088,03,05,08,33,35,01,03
1721,13087,09,12,22,32,34,02,04
1722,13086,09,16,26,29,31,06,09
1723,13085,08,19,23,27,32,03,05
1724,13084,08,22,26,29,35,01,05
1725,13083,26,29,30,32,35,04,10
1726,13082,03,09,25,26,33,03,12
1727,13081,07,09,15,17,23,02,07
1728,13080,06,21,23,27,31,04,06
1729,13079,09,10,17,21,34,01,07
1730,13078,02,07,23,31,33,02,08
1731,13077,24,26,30,32,35,06,12
1732,13076,13,15,16,26,27,09,10
1733,13075,01,11,13,19,35,07,08
1734,13074,06,14,20,24,32,01,07
1735,13073,03,05,23,27,31,02,06
1736,13072,12,27,28,33,35,03,05
1737,13071,13,19,26,27,28,03,11
1738,13070,09,12,18,21,29,01,08
1739,13069,06,12,13,16,30,07,12
1740,13068,10,17,27,34,35,05,07
1741,13067,02,03,05,08,29,10,12
1742,13066,06,07,13,33,34,02,11
1743,13065,09,28,31,34,35,02,09
1744,13064,21,24,26,28,32,01,03
1745,13063,03,05,11,27,28,05,06
1746,13062,01,05,08,09,12,09,12
1747,13061,01,14,18,21,32,05,10
1748,13060,15,25,26,32,35,05,10
1749,13059,03,08,11,24,27,07,12
1750,13058,20,21,27,31,35,07,11
1751,13057,07,15,27,33,35,07,10
1752,13056,11,22,30,32,35,03,04
1753,13055,04,05,22,23,24,03,09
1754,13054,05,08,21,30,32,01,08
1755,13053,13,31,33,34,35,05,07
1756,13052,01,02,10,29,31,01,10
1757,13051,05,08,15,18,33,07,08
1758,13050,14,22,30,32,33,07,08
1759,13049,18,22,25,31,32,04,06
1760,13048,10,11,23,32,33,01,04
1761,13047,12,20,28,30,35,03,11
1762,13046,15,16,19,25,32,05,11
1763,13045,08,11,12,21,25,02,07
1764,13044,07,11,13,18,28,05,10
1765,13043,07,13,25,34,35,07,09
1766,13042,02,06,22,23,33,01,06
1767,13041,03,13,14,15,34,05,08
1768,13040,16,17,22,26,35,03,10
1769,13039,06,23,30,33,35,07,10
1770,13038,01,19,24,25,26,07,09
1771,13037,02,26,31,32,34,06,08
1772,13036,08,12,32,33,35,03,05
1773,13035,05,14,28,32,34,07,08
1774,13034,01,03,11,19,29,04,08
1775,13033,12,18,22,28,31,01,11
1776,13032,12,27,28,33,35,01,08
1777,13031,12,17,18,26,32,10,11
1778,13030,03,05,09,10,28,05,07
1779,13029,05,07,17,25,26,04,10
1780,13028,13,19,28,30,34,08,12
1781,13027,03,12,14,24,35,03,08
1782,13026,02,10,16,30,33,05,06
1783,13025,03,23,25,26,28,10,12
1784,13024,09,12,14,18,24,01,04
1785,13023,05,19,24,26,35,05,07
1786,13022,03,04,13,17,23,03,08
1787,13021,23,24,28,30,33,01,11
1788,13020,06,11,20,31,32,05,09
1789,13019,06,12,17,29,30,07,11
1790,13018,20,23,31,33,34,03,09
1791,13017,11,14,22,29,34,05,11
1792,13016,05,15,19,27,32,08,09
1793,13015,14,15,26,32,33,01,11
1794,13014,05,08,25,29,31,02,04
1795,13013,13,15,29,30,35,01,11
1796,13012,01,14,31,32,34,02,11
1797,13011,01,02,08,15,23,06,09
1798,13010,09,15,17,18,29,09,11
1799,13009,10,17,19,27,29,05,12
1800,13008,02,07,25,29,34,03,06
1801,13007,14,29,32,33,34,03,06
1802,13006,08,20,25,31,32,05,07
1803,13005,18,22,26,28,31,10,12
1804,13004,07,08,12,20,25,03,07
1805,13003,01,16,18,21,31,09,12
1806,13002,04,20,27,31,32,06,12
1807,13001,06,09,11,31,32,05,11
1808,12154,03,26,27,31,32,03,09
1809,12153,08,09,10,13,22,05,10
1810,12152,04,17,26,33,34,02,08
1811,12151,03,19,20,24,33,03,04
1812,12150,02,14,18,24,31,02,03
1813,12149,02,10,23,33,34,05,10
1814,12148,04,16,27,29,34,06,11
1815,12147,02,03,17,19,33,02,09
1816,12146,01,10,13,17,26,06,08
1817,12145,05,22,31,33,35,06,09
1818,12144,11,13,14,21,29,01,10
1819,12143,09,27,29,30,31,03,06
1820,12142,15,19,29,34,35,07,10
1821,12141,03,11,19,23,34,02,12
1822,12140,07,17,27,28,29,09,10
1823,12139,09,10,12,22,25,04,11
1824,12138,13,17,27,31,33,06,12
1825,12137,03,12,20,21,27,01,06
1826,12136,02,23,29,30,31,01,04
1827,12135,03,05,17,18,33,06,07
1828,12134,01,06,18,32,35,02,07
1829,12133,05,07,13,29,30,01,05
1830,12132,05,08,21,25,33,01,11
1831,12131,02,16,18,27,30,08,12
1832,12130,14,19,23,29,30,06,07
1833,12129,01,07,21,28,31,03,09
1834,12128,09,10,19,30,31,04,11
1835,12127,12,13,14,25,35,10,12
1836,12126,13,14,21,28,29,05,10
1837,12125,06,14,17,22,35,01,02
1838,12124,07,11,19,20,35,05,10
1839,12123,05,08,18,30,33,01,09
1840,12122,23,24,25,29,31,03,12
1841,12121,07,18,20,29,30,05,06
1842,12120,02,10,21,23,29,03,04
1843,12119,05,06,09,19,32,06,09
1844,12118,05,17,25,30,33,01,12
1845,12117,01,12,18,21,33,07,08
1846,12116,01,11,18,20,22,07,10
1847,12115,01,06,13,19,23,06,09
1848,12114,03,06,21,33,35,01,07
1849,12113,03,10,22,27,29,03,12
1850,12112,01,02,28,31,35,05,07
1851,12111,01,24,25,30,33,04,11
1852,12110,01,11,17,19,26,05,12
1853,12109,01,22,30,32,35,09,11
1854,12108,06,07,12,24,35,02,06
1855,12107,04,07,09,22,33,01,03
1856,12106,15,23,25,29,31,09,10
1857,12105,05,06,14,15,31,06,08
1858,12104,16,18,24,25,27,04,09
1859,12103,02,09,18,23,24,01,04
1860,12102,02,04,06,13,35,04,08
1861,12101,02,05,08,09,31,03,07
1862,12100,07,09,13,19,27,01,03
1863,12099,12,18,24,25,32,02,12
1864,12098,02,11,28,29,30,06,12
1865,12097,09,17,24,29,32,01,02
1866,12096,05,10,19,24,35,08,09
1867,12095,06,09,22,27,30,08,12
1868,12094,02,14,23,32,35,01,10
1869,12093,02,16,21,31,33,04,11
1870,12092,08,09,23,25,31,02,12
1871,12091,03,10,28,31,33,01,09
1872,12090,02,21,27,29,33,02,10
1873,12089,06,12,21,29,32,06,11
1874,12088,13,17,24,30,35,02,10
1875,12087,01,06,07,21,31,04,11
1876,12086,03,20,25,29,32,05,10
1877,12085,07,18,29,31,33,10,12
1878,12084,21,24,27,29,31,01,02
1879,12083,16,19,28,29,31,05,08
1880,12082,02,04,09,10,15,08,10
1881,12081,10,16,17,30,35,01,08
1882,12080,11,12,14,25,28,02,05
1883,12079,01,05,25,32,33,01,10
1884,12078,01,02,23,25,35,05,12
1885,12077,10,30,32,33,34,02,03
1886,12076,02,14,16,22,24,02,05
1887,12075,07,09,10,18,22,05,10
1888,12074,10,22,23,30,32,01,07
1889,12073,18,23,29,33,34,02,07
1890,12072,04,08,17,22,25,04,10
1891,12071,13,23,29,31,34,06,08
1892,12070,09,22,23,32,34,06,08
1893,12069,02,04,22,25,34,02,11
1894,12068,01,21,31,32,35,03,06
1895,12067,20,22,27,30,33,01,02
1896,12066,01,20,25,29,33,04,06
1897,12065,10,22,28,29,34,05,11
1898,12064,09,12,13,15,30,09,10
1899,12063,11,25,26,29,35,01,02
1900,12062,21,32,33,34,35,08,09
1901,12061,05,10,14,27,33,07,09
1902,12060,02,16,21,24,30,06,10
1903,12059,09,13,19,21,27,03,04
1904,12058,13,21,29,31,35,04,12
1905,12057,01,02,14,33,34,03,05
1906,12056,11,21,23,26,34,07,09
1907,12055,07,22,26,32,33,01,08
1908,12054,01,16,18,27,30,10,11
1909,12053,11,12,26,28,31,07,12
1910,12052,10,20,26,31,33,10,12
1911,12051,01,02,17,18,33,05,12
1912,12050,13,17,22,28,29,01,10
1913,12049,09,18,22,27,31,10,12
1914,12048,06,09,26,30,35,05,06
1915,12047,05,07,17,30,34,03,10
1916,12046,04,08,19,23,27,04,11
1917,12045,05,11,17,20,28,11,12
1918,12044,03,04,14,32,35,01,02
1919,12043,01,06,25,31,34,03,09
1920,12042,07,24,27,28,35,07,12
1921,12041,01,02,13,22,23,02,10
1922,12040,02,13,23,28,29,01,05
1923,12039,15,21,22,24,35,01,05
1924,12038,11,23,25,31,35,01,03
1925,12037,09,13,27,31,35,03,10
1926,12036,01,09,20,30,31,08,12
1927,12035,01,04,30,32,35,08,12
1928,12034,01,08,15,16,29,08,09
1929,12033,08,13,19,27,32,01,08
1930,12032,07,08,16,26,34,07,11
1931,12031,19,21,23,25,30,03,08
1932,12030,03,21,22,26,32,01,03
1933,12029,04,07,08,18,29,07,10
1934,12028,10,12,15,33,34,03,10
1935,12027,03,10,11,22,31,05,07
1936,12026,10,11,22,23,29,02,09
1937,12025,01,02,05,12,27,04,07
1938,12024,03,11,17,21,30,03,07
1939,12023,07,09,17,29,35,09,10
1940,12022,07,12,20,33,35,01,10
1941,12021,10,15,21,31,34,07,08
1942,12020,12,14,27,29,34,03,06
1943,12019,07,09,17,30,34,01,12
1944,12018,03,10,14,29,31,04,08
1945,12017,06,11,22,29,34,03,12
1946,12016,05,14,20,29,31,08,12
1947,12015,12,13,24,26,33,06,08
1948,12014,10,14,24,30,32,01,12
1949,12013,07,08,11,12,24,01,02
1950,12012,06,18,22,30,35,02,07
1951,12011,05,19,22,29,30,02,04
1952,12010,25,26,29,32,34,05,07
1953,12009,06,14,20,29,35,09,10
1954,12008,06,08,30,31,32,01,11
1955,12007,04,05,13,17,25,07,10
1956,12006,03,20,22,25,27,01,09
1957,12005,01,02,29,31,33,07,12
1958,12004,10,11,22,31,32,06,07
1959,12003,16,22,24,33,34,03,10
1960,12002,03,11,14,26,29,07,08
1961,12001,07,27,28,32,33,01,12
1962,11154,04,12,16,20,28,08,11
1963,11153,06,22,29,30,35,03,05
1964,11152,01,04,06,21,35,02,11
1965,11151,07,11,14,20,27,03,10
1966,11150,13,22,30,33,34,06,12
1967,11149,02,07,12,29,31,03,05
1968,11148,07,10,11,26,31,03,04
1969,11147,01,15,16,27,28,02,07
1970,11146,09,13,19,29,34,02,11
1971,11145,07,15,19,24,29,04,06
1972,11144,07,18,24,28,33,02,03
1973,11143,08,09,12,25,33,07,10
1974,11142,04,26,30,33,34,04,06
1975,11141,02,11,19,22,35,10,12
1976,11140,01,12,32,33,34,09,11
1977,11139,04,06,10,15,16,03,04
1978,11138,17,23,26,30,32,06,12
1979,11137,02,15,18,23,31,01,02
1980,11136,08,09,11,19,33,03,12
1981,11135,06,22,29,33,35,03,12
1982,11134,01,10,12,14,17,09,10
1983,11133,04,11,23,26,35,03,12
1984,11132,12,14,16,19,33,02,09
1985,11131,03,05,12,18,33,07,11
1986,11130,08,09,13,23,35,11,12
1987,11129,01,07,13,18,23,04,08
1988,11128,03,04,06,11,13,01,02
1989,11127,01,11,22,26,29,05,08
1990,11126,07,17,29,30,33,10,12
1991,11125,07,10,27,34,35,10,12
1992,11124,08,12,14,20,25,06,08
1993,11123,10,14,18,19,35,01,06
1994,11122,03,08,23,24,34,05,12
1995,11121,02,03,30,31,33,03,09
1996,11120,20,25,26,30,31,09,10
1997,11119,04,15,20,26,31,06,12
1998,11118,04,07,11,32,35,05,07
1999,11117,10,12,28,32,33,03,05
2000,11116,10,15,18,19,26,07,12
2001,11115,17,26,30,31,35,06,11
2002,11114,06,08,17,27,35,02,11
2003,11113,04,05,07,10,12,04,05
2004,11112,06,17,28,32,33,08,12
2005,11111,02,11,13,23,31,11,12
2006,11110,30,31,33,34,35,04,07
2007,11109,01,11,12,22,34,08,10
2008,11108,07,15,18,24,28,01,07
2009,11107,02,06,18,30,32,01,08
2010,11106,01,09,29,30,35,05,09
2011,11105,02,11,26,32,33,05,12
2012,11104,07,19,27,28,34,02,05
2013,11103,03,04,26,29,34,01,03
2014,11102,19,24,28,31,34,04,12
2015,11101,05,12,20,28,30,03,07
2016,11100,08,11,13,28,33,08,09
2017,11099,02,06,09,12,20,05,08
2018,11098,06,07,28,33,35,01,10
2019,11097,04,19,28,31,33,11,12
2020,11096,03,08,20,24,25,01,02
2021,11095,09,12,17,19,29,06,11
2022,11094,11,21,22,32,34,04,08
2023,11093,04,06,08,19,31,10,11
2024,11092,10,17,19,32,33,01,12
2025,11091,11,17,23,29,30,06,08
2026,11090,02,04,29,30,34,05,08
2027,11089,05,06,23,27,34,03,04
2028,11088,20,21,27,29,35,03,08
2029,11087,06,13,20,25,34,07,09
2030,11086,04,05,06,09,15,01,06
2031,11085,02,17,19,21,22,03,10
2032,11084,14,29,31,34,35,01,12
2033,11083,06,08,18,20,24,04,08
2034,11082,07,20,25,30,32,05,09
2035,11081,04,13,20,21,35,02,09
2036,11080,05,12,30,31,32,01,03
2037,11079,01,03,23,30,31,02,10
2038,11078,04,09,16,27,30,02,06
2039,11077,05,08,19,33,34,01,12
2040,11076,18,23,25,29,30,01,02
2041,11075,06,09,20,23,28,06,10
2042,11074,07,16,23,28,31,03,06
2043,11073,13,19,20,22,33,05,11
2044,11072,03,11,13,20,35,03,08
2045,11071,27,31,33,34,35,04,06
2046,11070,09,19,22,29,30,02,08
2047,11069,03,05,28,29,33,04,12
2048,11068,01,13,16,18,32,07,09
2049,11067,10,17,22,24,32,03,10
2050,11066,06,13,18,20,33,09,10
2051,11065,03,11,14,25,34,01,04
2052,11064,01,06,27,30,34,01,06
2053,11063,10,17,18,26,32,01,05
2054,11062,06,10,17,20,21,03,07
2055,11061,06,07,16,18,20,04,10
2056,11060,03,25,29,32,34,09,10
2057,11059,09,16,21,29,34,07,10
2058,11058,01,09,27,32,33,03,06
2059,11057,07,11,30,31,34,09,12
2060,11056,03,05,29,30,31,08,10
2061,11055,01,07,31,32,35,02,10
2062,11054,05,09,16,26,35,03,10
2063,11053,03,16,28,31,32,01,09
2064,11052,13,24,31,32,33,03,09
2065,11051,06,08,12,17,18,05,10
2066,11050,04,07,29,32,33,08,10
2067,11049,05,06,10,22,25,01,09
2068,11048,13,17,25,27,28,02,03
2069,11047,02,15,22,33,35,05,08
2070,11046,09,15,16,19,29,04,06
2071,11045,13,21,22,29,31,07,11
2072,11044,11,21,24,26,31,06,07
2073,11043,02,08,23,33,35,05,10
2074,11042,06,09,18,30,32,10,12
2075,11041,04,05,11,13,25,03,06
2076,11040,03,07,15,18,20,01,06
2077,11039,01,11,14,22,34,06,08
2078,11038,07,09,11,13,33,10,12
2079,11037,01,12,14,22,24,10,12
2080,11036,03,18,29,30,33,08,09
2081,11035,03,04,13,15,32,04,09
2082,11034,03,06,09,17,27,03,09
2083,11033,03,19,24,29,33,03,09
2084,11032,07,16,23,31,33,03,10
2085,11031,12,17,19,22,35,04,11
2086,11030,15,19,25,30,33,03,08
2087,11029,03,09,17,24,28,06,12
2088,11028,01,02,13,17,28,01,04
2089,11027,05,14,25,34,35,02,05
2090,11026,01,09,15,20,29,07,09
2091,11025,08,09,25,28,29,02,10
2092,11024,12,15,16,20,33,08,12
2093,11023,05,13,16,18,24,02,12
2094,11022,09,14,24,25,34,01,04
2095,11021,01,09,13,17,30,02,08
2096,11020,09,12,19,22,28,01,05
2097,11019,08,21,23,27,33,06,11
2098,11018,16,22,24,32,34,02,10
2099,11017,16,19,24,26,31,02,04
2100,11016,15,20,30,33,35,06,09
2101,11015,08,18,19,22,23,01,03
2102,11014,02,14,20,21,24,02,09
2103,11013,05,08,14,28,30,04,06
2104,11012,03,12,19,25,30,08,11
2105,11011,02,17,23,24,30,02,09
2106,11010,04,08,10,14,27,05,07
2107,11009,09,10,11,14,24,03,08
2108,11008,01,23,26,27,30,05,06
2109,11007,14,24,32,33,35,02,09
2110,11006,02,08,16,26,35,11,12
2111,11005,01,07,25,27,30,07,12
2112,11004,07,08,10,23,25,07,09
2113,11003,01,24,27,30,31,01,06
2114,11002,11,13,27,28,29,02,06
2115,11001,07,08,15,32,34,05,12
2116,10153,06,07,16,24,35,04,06
2117,10152,02,05,18,22,23,07,12
2118,10151,01,10,32,33,35,03,08
2119,10150,05,24,28,29,35,01,09
2120,10149,05,22,24,25,30,01,06
2121,10148,03,04,08,10,35,02,06
2122,10147,01,15,19,21,23,11,12
2123,10146,14,17,30,31,34,04,10
2124,10145,18,19,27,28,33,03,06
2125,10144,02,11,16,22,31,10,11
2126,10143,10,16,18,22,27,06,08
2127,10142,10,11,19,21,27,04,06
2128,10141,05,11,17,23,33,03,10
2129,10140,06,18,20,30,31,03,06
2130,10139,03,13,16,19,29,07,09
2131,10138,08,12,14,19,27,05,06
2132,10137,22,27,28,33,35,09,11
2133,10136,03,13,18,30,33,07,08
2134,10135,14,17,19,26,32,03,04
2135,10134,09,12,13,19,30,04,05
2136,10133,11,16,17,21,22,03,06
2137,10132,18,21,23,25,29,06,11
2138,10131,10,15,22,28,29,04,12
2139,10130,05,06,09,10,34,08,11
2140,10129,14,15,24,25,26,03,07
2141,10128,06,17,19,29,35,02,08
2142,10127,03,22,24,30,33,04,10
2143,10126,03,05,09,13,33,05,11
2144,10125,01,07,09,14,19,09,12
2145,10124,01,09,27,29,34,01,06
2146,10123,18,20,30,32,33,01,11
2147,10122,05,06,11,13,26,02,07
2148,10121,21,22,31,32,34,02,12
2149,10120,08,10,18,34,35,06,10
2150,10119,05,13,14,23,26,02,03
2151,10118,19,22,23,29,35,08,10
2152,10117,04,06,21,27,34,05,09
2153,10116,14,22,27,28,35,04,10
2154,10115,05,07,10,15,32,03,08
2155,10114,03,07,22,25,35,03,11
2156,10113,05,16,22,23,32,04,10
2157,10112,14,15,18,34,35,08,10
2158,10111,03,06,13,14,29,01,02
2159,10110,21,29,30,33,35,07,11
2160,10109,01,02,08,11,25,10,12
2161,10108,01,10,13,19,34,09,12
2162,10107,14,17,22,27,34,03,05
2163,10106,05,27,28,29,34,09,12
2164,10105,05,17,26,27,35,08,09
2165,10104,14,25,30,32,33,01,11
2166,10103,10,14,29,30,35,05,08
2167,10102,04,15,19,24,35,01,10
2168,10101,11,15,22,27,35,05,08
2169,10100,19,20,30,33,35,06,08
2170,10099,03,11,17,21,30,01,08
2171,10098,02,03,12,13,25,01,07
2172,10097,09,17,21,28,29,02,08
2173,10096,04,09,24,30,35,01,10
2174,10095,12,14,16,19,25,01,06
2175,10094,20,32,33,34,35,06,07
2176,10093,02,04,09,28,29,05,08
2177,10092,02,15,29,30,34,02,12
2178,10091,06,10,23,26,31,05,07
2179,10090,08,24,26,31,32,07,09
2180,10089,04,10,13,18,23,08,10
2181,10088,03,05,14,30,35,03,06
2182,10087,01,12,20,21,24,02,08
2183,10086,01,02,12,19,35,05,07
2184,10085,02,10,16,18,34,02,03
2185,10084,03,13,14,22,26,02,05
2186,10083,07,11,21,22,35,04,07
2187,10082,05,08,24,29,30,04,06
2188,10081,14,18,20,24,27,05,10
2189,10080,08,19,27,29,34,04,10
2190,10079,01,04,21,22,24,02,05
2191,10078,02,03,15,28,35,01,11
2192,10077,06,07,09,17,24,02,12
2193,10076,09,12,16,19,35,02,12
2194,10075,10,12,17,23,27,05,07
2195,10074,03,07,20,27,32,02,12
2196,10073,04,09,11,30,32,01,11
2197,10072,05,10,17,23,25,03,10
2198,10071,07,12,26,30,32,02,07
2199,10070,05,14,23,25,28,11,12
2200,10069,06,17,18,25,29,08,09
2201,10068,11,17,19,20,34,06,10
2202,10067,01,11,19,30,32,03,10
2203,10066,15,21,22,24,27,01,06
2204,10065,05,08,13,14,32,08,11
2205,10064,07,10,12,20,21,06,09
2206,10063,07,14,16,30,31,03,06
2207,10062,06,07,18,30,31,07,08
2208,10061,05,12,14,17,22,05,07
2209,10060,10,13,22,33,34,01,05
2210,10059,06,10,14,25,34,01,03
2211,10058,06,15,17,19,30,01,12
2212,10057,15,17,24,32,35,07,09
2213,10056,05,09,23,25,30,09,12
2214,10055,13,14,17,27,32,02,10
2215,10054,12,25,29,30,33,10,11
2216,10053,09,19,22,26,34,09,11
2217,10052,04,06,25,29,32,05,06
2218,10051,06,10,20,24,32,06,10
2219,10050,07,08,15,30,35,05,10
2220,10049,01,25,29,31,33,04,10
2221,10048,02,03,10,12,25,03,09
2222,10047,04,08,11,30,31,02,08
2223,10046,02,15,19,26,27,05,06
2224,10045,08,17,18,20,28,09,10
2225,10044,06,21,24,28,30,02,07
2226,10043,05,08,10,33,35,02,10
2227,10042,01,05,19,34,35,06,07
2228,10041,16,22,28,29,34,04,12
2229,10040,13,20,26,31,35,02,11
2230,10039,07,19,26,28,32,01,08
2231,10038,08,10,25,29,33,01,02
2232,10037,19,21,26,34,35,01,09
2233,10036,19,25,28,31,33,01,08
2234,10035,14,16,20,31,34,01,07
2235,10034,01,06,19,25,26,03,09
2236,10033,12,19,28,29,30,05,08
2237,10032,13,16,23,24,33,07,11
2238,10031,05,13,16,17,35,06,08
2239,10030,10,12,19,32,35,02,07
2240,10029,21,22,33,34,35,03,04
2241,10028,01,02,07,20,35,01,03
2242,10027,05,23,26,32,34,02,09
2243,10026,05,23,25,31,35,07,10
2244,10025,09,11,13,14,25,01,07
2245,10024,03,14,19,24,25,04,11
2246,10023,11,13,29,32,33,02,08
2247,10022,02,11,13,14,25,02,05
2248,10021,11,20,23,24,25,07,09
2249,10020,08,18,26,32,33,01,06
2250,10019,03,11,19,26,27,02,09
2251,10018,03,10,26,32,33,04,12
2252,10017,13,21,23,27,34,09,12
2253,10016,10,12,20,23,32,04,10
2254,10015,03,10,14,18,28,08,10
2255,10014,18,19,30,33,35,02,04
2256,10013,18,21,22,26,34,09,12
2257,10012,20,24,30,31,33,05,12
2258,10011,02,03,11,27,32,08,11
2259,10010,15,22,24,32,35,02,09
2260,10009,02,05,13,27,32,03,11
2261,10008,11,23,25,31,32,05,11
2262,10007,07,23,26,29,32,08,11
2263,10006,03,13,19,30,34,02,05
2264,10005,04,17,19,22,30,02,03
2265,10004,03,06,21,24,34,04,06
2266,10003,05,14,23,27,30,02,08
2267,10002,04,23,25,26,30,07,10
2268,10001,02,06,07,12,27,02,08
2269,09153,21,22,30,32,34,03,07
2270,09152,01,23,29,30,32,07,12
2271,09151,03,08,14,30,31,04,09
2272,09150,04,11,18,25,34,05,07
2273,09149,01,03,10,12,20,02,07
2274,09148,02,04,13,14,33,01,09
2275,09147,06,12,18,22,29,05,08
2276,09146,11,17,23,24,25,03,06
2277,09145,05,11,14,22,35,03,10
2278,09144,18,26,32,33,34,04,06
2279,09143,01,09,10,11,22,01,12
2280,09142,05,06,13,24,31,03,11
2281,09141,13,14,21,30,33,02,08
2282,09140,07,08,19,26,30,01,12
2283,09139,14,16,20,22,32,05,09
2284,09138,03,04,14,28,32,09,10
2285,09137,12,28,29,30,34,01,09
2286,09136,07,13,23,24,29,06,10
2287,09135,06,08,15,20,32,05,06
2288,09134,02,16,19,28,33,07,11
2289,09133,01,08,24,27,34,10,11
2290,09132,02,10,12,15,28,04,07
2291,09131,02,03,08,33,34,03,11
2292,09130,09,14,25,32,34,02,08
2293,09129,02,10,18,32,33,03,08
2294,09128,06,21,28,32,34,04,07
2295,09127,05,09,27,32,34,05,08
2296,09126,14,23,27,28,33,08,12
2297,09125,08,20,23,29,31,02,11
2298,09124,01,03,14,32,35,07,11
2299,09123,10,21,28,29,32,06,10
2300,09122,01,02,11,31,33,05,06
2301,09121,04,05,08,11,22,02,10
2302,09120,11,23,27,28,32,02,05
2303,09119,03,12,22,23,28,04,12
2304,09118,10,17,18,21,34,05,11
2305,09117,07,21,29,31,33,09,10
2306,09116,12,15,23,30,33,09,12
2307,09115,01,02,06,08,26,05,12
2308,09114,02,08,25,29,33,03,07
2309,09113,03,04,10,18,27,06,08
2310,09112,02,08,12,34,35,04,05
2311,09111,04,11,13,19,35,10,12
2312,09110,22,28,30,31,34,07,09
2313,09109,02,11,13,26,35,06,10
2314,09108,01,09,14,29,30,07,10
2315,09107,11,12,33,34,35,01,10
2316,09106,11,21,22,25,34,06,09
2317,09105,01,25,26,34,35,06,11
2318,09104,15,25,29,32,33,10,11
2319,09103,16,20,28,32,33,01,02
2320,09102,11,13,29,32,35,10,12
2321,09101,02,10,14,22,26,04,09
2322,09100,16,20,25,29,33,01,08
2323,09099,03,09,21,23,33,06,10
2324,09098,11,17,19,25,26,02,10
2325,09097,06,13,14,22,25,01,04
2326,09096,07,12,28,32,33,01,03
2327,09095,08,18,24,30,33,01,06
2328,09094,01,05,21,23,29,05,12
2329,09093,07,09,22,30,33,09,11
2330,09092,10,21,22,27,29,08,12
2331,09091,01,05,17,32,34,03,07
2332,09090,18,25,30,33,34,04,10
2333,09089,03,06,11,19,27,02,07
2334,09088,13,16,27,32,34,03,09
2335,09087,10,24,28,30,33,01,10
2336,09086,01,02,07,26,29,10,12
2337,09085,06,13,27,33,34,09,12
2338,09084,05,09,19,26,35,02,10
2339,09083,02,05,28,34,35,01,07
2340,09082,05,11,26,29,32,08,11
2341,09081,02,15,20,25,33,03,06
2342,09080,07,16,19,29,35,02,11
2343,09079,01,02,07,13,34,04,10
2344,09078,11,23,26,31,34,05,11
2345,09077,07,20,28,32,34,06,08
2346,09076,03,09,11,18,24,04,05
2347,09075,01,07,11,32,33,09,11
2348,09074,15,17,19,23,32,01,11
2349,09073,01,10,19,21,30,01,04
2350,09072,23,26,29,32,33,05,10
2351,09071,04,20,29,30,33,02,11
2352,09070,10,21,24,30,31,03,10
2353,09069,14,16,27,30,33,08,12
2354,09068,02,12,15,20,28,01,12
2355,09067,03,06,25,28,32,02,05
2356,09066,01,08,19,24,31,06,12
2357,09065,01,12,24,27,32,02,11
2358,09064,06,10,11,17,34,11,12
2359,09063,05,06,18,21,22,01,07
2360,09062,04,22,23,29,31,05,11
2361,09061,02,10,21,26,34,02,10
2362,09060,18,28,29,30,31,04,08
2363,09059,02,13,14,29,33,04,11
2364,09058,08,10,14,27,32,02,07
2365,09057,06,15,22,27,30,02,09
2366,09056,04,13,17,32,35,03,06
2367,09055,05,08,14,23,24,05,06
2368,09054,02,12,19,29,30,07,12
2369,09053,05,09,24,31,33,05,06
2370,09052,23,24,30,34,35,01,03
2371,09051,03,11,22,26,29,05,12
2372,09050,05,15,28,32,33,08,09
2373,09049,05,16,28,29,34,11,12
2374,09048,05,06,22,25,27,11,12
2375,09047,13,18,21,24,29,03,06
2376,09046,01,09,24,34,35,04,09
2377,09045,01,09,14,24,35,06,09
2378,09044,01,07,18,29,34,03,09
2379,09043,05,21,22,32,35,02,05
2380,09042,11,24,25,26,31,02,07
2381,09041,05,09,20,23,29,04,10
2382,09040,03,16,30,32,33,01,10
2383,09039,01,03,07,10,33,03,04
2384,09038,06,17,20,29,32,04,05
2385,09037,17,18,19,25,31,01,11
2386,09036,02,12,26,31,33,09,10
2387,09035,03,07,09,28,33,03,08
2388,09034,05,19,31,32,35,04,09
2389,09033,02,08,18,21,32,08,11
2390,09032,04,12,20,26,29,06,10
2391,09031,07,11,19,21,22,01,11
2392,09030,01,07,27,30,32,01,04
2393,09029,03,04,13,17,24,04,11
2394,09028,06,20,30,32,35,09,11
2395,09027,03,22,26,33,34,09,10
2396,09026,24,30,31,32,34,10,12
2397,09025,03,17,22,23,33,04,10
2398,09024,29,31,32,33,35,10,11
2399,09023,15,17,21,27,33,07,11
2400,09022,12,14,17,34,35,04,11
2401,09021,01,15,31,32,34,03,08
2402,09020,05,16,18,32,35,02,11
2403,09019,04,29,31,32,35,04,10
2404,09018,01,06,13,28,29,03,09
2405,09017,05,11,23,26,33,04,12
2406,09016,10,11,20,26,27,09,11
2407,09015,01,05,10,16,27,03,04
2408,09014,08,14,15,25,26,07,09
2409,09013,05,24,26,30,35,05,12
2410,09012,02,05,20,25,31,10,12
2411,09011,02,11,13,14,21,02,04
2412,09010,02,09,12,21,29,07,11
2413,09009,12,18,23,26,32,06,09
2414,09008,04,17,21,29,31,02,12
2415,09007,06,14,15,29,35,06,11
2416,09006,02,04,22,31,35,09,12
2417,09005,10,11,15,31,32,05,08
2418,09004,01,03,22,32,35,06,10
2419,09003,16,18,23,30,32,02,11
2420,09002,01,04,07,12,30,05,10
2421,09001,01,15,23,27,30,04,10
2422,08154,05,07,10,29,32,04,06
2423,08153,02,04,06,25,26,02,05
2424,08152,03,05,14,20,33,07,11
2425,08151,07,10,27,31,34,08,09
2426,08150,01,09,10,15,25,03,08
2427,08149,02,05,06,27,29,03,04
2428,08148,03,07,20,33,35,04,07
2429,08147,16,18,19,24,35,11,12
2430,08146,09,23,24,26,33,07,12
2431,08145,05,16,27,29,30,05,11
2432,08144,10,19,27,28,33,05,12
2433,08143,01,02,22,29,32,01,04
2434,08142,06,18,21,30,35,08,09
2435,08141,09,15,18,30,34,04,05
2436,08140,02,09,11,29,32,08,09
2437,08139,01,06,10,14,22,06,08
2438,08138,04,05,18,22,35,07,08
2439,08137,01,10,25,32,35,05,09
2440,08136,03,28,29,32,34,01,06
2441,08135,07,22,25,29,33,01,12
2442,08134,11,13,15,28,35,08,10
2443,08133,10,12,15,33,35,03,09
2444,08132,06,14,24,27,29,05,09
2445,08131,08,09,12,21,32,07,11
2446,08130,03,05,22,29,34,07,12
2447,08129,13,16,20,25,27,04,05
2448,08128,12,15,23,24,25,10,11
2449,08127,08,21,22,31,33,01,07
2450,08126,09,29,32,34,35,01,08
2451,08125,01,04,28,33,34,06,11
2452,08124,02,10,13,29,33,06,10
2453,08123,01,06,12,28,31,08,09
2454,08122,03,06,12,20,29,09,12
2455,08121,11,23,24,32,35,04,10
2456,08120,21,23,24,25,32,03,04
2457,08119,01,02,10,19,27,01,11
2458,08118,06,09,19,25,30,06,12
2459,08117,13,23,24,25,30,02,08
2460,08116,06,08,15,24,31,01,03
2461,08115,07,09,19,21,33,07,10
2462,08114,02,03,22,27,31,06,07
2463,08113,11,14,17,19,22,01,08
2464,08112,04,18,26,32,33,05,08
2465,08111,02,11,12,14,19,05,09
2466,08110,05,16,25,27,33,04,09
2467,08109,01,10,18,28,34,05,08
2468,08108,11,16,24,29,32,09,11
2469,08107,01,02,13,15,16,04,09
2470,08106,03,05,21,28,33,02,06
2471,08105,12,21,22,26,35,04,05
2472,08104,07,08,10,24,34,08,11
2473,08103,02,11,22,30,34,04,09
2474,08102,05,25,26,29,35,03,10
2475,08101,10,13,23,31,33,04,11
2476,08100,12,20,26,29,30,02,06
2477,08099,03,18,23,25,30,06,10
2478,08098,07,10,22,27,33,04,08
2479,08097,01,10,31,33,35,03,10
2480,08096,06,07,12,25,28,02,12
2481,08095,03,04,11,21,25,01,07
2482,08094,07,12,19,27,34,11,12
2483,08093,06,07,10,24,30,05,08
2484,08092,03,23,26,32,34,04,09
2485,08091,09,13,19,22,25,04,10
2486,08090,04,11,18,33,34,02,06
2487,08089,08,13,24,32,33,03,09
2488,08088,07,11,19,27,31,02,03
2489,08087,14,22,32,33,35,01,05
2490,08086,01,06,10,22,35,03,07
2491,08085,03,07,13,15,19,02,10
2492,08084,02,17,20,22,25,05,11
2493,08083,06,14,15,30,31,03,10
2494,08082,15,19,29,33,35,01,02
2495,08081,07,08,20,22,29,04,07
2496,08080,06,09,29,31,33,05,11
2497,08079,20,23,26,32,33,05,12
2498,08078,08,17,20,28,31,07,11
2499,08077,01,08,21,33,34,05,07
2500,08076,03,05,10,27,34,01,12
2501,08075,01,10,13,30,33,06,07
2502,08074,10,13,22,31,35,04,12
2503,08073,02,05,06,07,31,08,10
2504,08072,10,25,32,33,34,03,09
2505,08071,01,05,11,14,25,01,09
2506,08070,09,17,18,21,31,01,05
2507,08069,05,13,16,29,33,06,08
2508,08068,06,09,11,33,34,06,10
2509,08067,03,10,14,15,22,04,07
2510,08066,02,07,21,22,25,04,12
2511,08065,19,22,23,25,32,06,12
2512,08064,14,18,24,27,31,06,07
2513,08063,07,11,24,30,35,06,08
2514,08062,01,15,27,28,29,03,10
2515,08061,07,10,14,19,32,03,06
2516,08060,03,13,17,23,30,01,11
2517,08059,07,13,21,25,31,08,10
2518,08058,03,09,11,29,33,03,12
2519,08057,05,08,09,17,33,05,06
2520,08056,15,19,25,30,31,03,09
2521,08055,02,14,28,30,35,04,12
2522,08054,05,14,23,31,35,02,06
2523,08053,01,13,21,23,32,03,06
2524,08052,03,18,19,30,35,05,09
2525,08051,01,07,09,11,33,03,11
2526,08050,01,05,11,26,27,03,07
2527,08049,01,11,14,28,30,03,10
2528,08048,01,13,22,25,27,02,10
2529,08047,12,18,22,23,30,06,12
2530,08046,11,25,26,27,35,07,08
2531,08045,14,32,33,34,35,02,04
2532,08044,02,21,23,27,32,10,11
2533,08043,05,08,10,31,33,02,04
2534,08042,05,10,13,32,35,04,05
2535,08041,07,17,21,22,28,05,10
2536,08040,04,08,19,22,29,08,11
2537,08039,07,11,15,27,35,04,07
2538,08038,12,13,19,32,33,02,10
2539,08037,11,20,24,31,35,04,10
2540,08036,09,19,22,30,32,01,10
2541,08035,02,12,13,29,30,05,07
2542,08034,06,07,18,34,35,05,10
2543,08033,03,10,21,23,30,01,09
2544,08032,03,09,19,27,33,09,10
2545,08031,14,20,23,27,28,02,04
2546,08030,03,21,23,26,35,05,08
2547,08029,06,11,18,29,30,04,11
2548,08028,03,11,17,19,26,07,12
2549,08027,05,17,23,31,32,04,08
2550,08026,01,21,22,24,25,08,10
2551,08025,06,10,12,15,28,04,12
2552,08024,08,12,17,20,30,01,02
2553,08023,06,26,31,32,34,07,10
2554,08022,09,12,13,25,31,08,10
2555,08021,05,10,13,21,24,04,09
2556,08020,04,05,15,17,33,04,08
2557,08019,08,24,25,29,31,04,05
2558,08018,03,06,07,11,30,02,03
2559,08017,02,14,25,29,32,01,06
2560,08016,08,10,11,17,19,06,09
2561,08015,09,18,20,27,33,06,09
2562,08014,04,07,10,28,34,01,06
2563,08013,01,11,19,22,35,05,09
2564,08012,02,10,29,32,35,02,03
2565,08011,14,20,22,24,27,07,10
2566,08010,06,23,24,27,29,06,08
2567,08009,04,08,12,24,30,05,08
2568,08008,02,06,08,17,32,08,09
2569,08007,03,04,05,12,28,03,12
2570,08006,10,12,26,29,34,05,07
2571,08005,18,25,29,31,34,09,10
2572,08004,09,22,24,31,33,08,09
2573,08003,01,11,13,32,35,02,07
2574,08002,01,12,24,31,32,10,12
2575,08001,01,02,11,34,35,03,10
2576,07093,06,08,16,25,27,08,12
2577,07092,06,19,27,28,29,06,10
2578,07091,07,12,26,31,32,03,08
2579,07090,04,20,24,31,33,09,12
2580,07089,08,13,24,30,34,01,12
2581,07088,17,18,21,23,33,06,10
2582,07087,08,18,30,31,33,04,09
2583,07086,14,18,19,26,28,03,09
2584,07085,17,24,28,29,33,02,05
2585,07084,05,11,18,29,34,10,11
2586,07083,01,05,20,21,24,03,04
2587,07082,03,05,14,33,34,07,08
2588,07081,06,18,20,22,35,04,09
2589,07080,01,15,20,25,27,05,10
2590,07079,06,09,25,26,31,02,08
2591,07078,09,12,14,22,23,01,02
2592,07077,04,06,12,13,24,01,04
2593,07076,02,09,12,15,31,09,10
2594,07075,05,11,20,30,32,07,11
2595,07074,16,17,23,24,31,05,10
2596,07073,04,05,09,12,23,02,11
2597,07072,21,24,26,27,33,01,05
2598,07071,10,22,32,33,35,01,07
2599,07070,07,26,29,30,35,03,04
2600,07069,02,13,16,21,35,01,05
2601,07068,04,09,13,14,33,06,10
2602,07067,11,18,25,30,31,04,09
2603,07066,04,07,08,19,24,07,12
2604,07065,19,20,24,29,31,09,10
2605,07064,02,16,32,33,35,05,10
2606,07063,10,31,33,34,35,07,12
2607,07062,01,04,10,14,29,11,12
2608,07061,02,10,19,28,29,02,09
2609,07060,12,13,29,30,31,04,07
2610,07059,04,15,23,31,33,03,09
2611,07058,08,21,25,28,33,02,06
2612,07057,14,16,30,32,35,06,07
2613,07056,04,11,17,20,21,05,09
2614,07055,10,16,24,31,33,07,10
2615,07054,04,10,19,29,34,03,06
2616,07053,11,16,19,21,25,01,10
2617,07052,01,14,29,32,33,05,10
2618,07051,03,07,24,28,35,08,11
2619,07050,13,21,22,30,35,01,11
2620,07049,09,10,15,17,32,04,06
2621,07048,08,25,26,29,35,06,08
2622,07047,01,06,15,19,35,02,09
2623,07046,04,16,18,23,30,01,10
2624,07045,09,16,20,26,35,11,12
2625,07044,04,05,07,12,26,01,10
2626,07043,04,09,22,24,31,02,06
2627,07042,07,10,22,31,35,05,06
2628,07041,03,16,17,22,35,01,08
2629,07040,05,21,25,28,35,01,04
2630,07039,10,11,20,21,35,07,11
2631,07038,06,21,25,27,32,08,09
2632,07037,01,06,07,17,31,11,12
2633,07036,15,18,21,27,34,01,02
2634,07035,07,11,16,31,32,01,12
2635,07034,06,08,11,13,22,02,11
2636,07033,01,05,08,14,22,03,12
2637,07032,01,13,21,23,32,04,11
2638,07031,03,21,27,31,32,06,08
2639,07030,11,14,27,33,35,02,07
2640,07029,15,22,25,29,35,09,11
2641,07028,20,26,30,34,35,03,10
2642,07027,02,03,10,19,27,06,10
2643,07026,05,09,13,33,35,01,08
2644,07025,22,24,26,27,34,02,10
2645,07024,06,16,20,25,31,04,09
2646,07023,08,10,23,32,34,08,10
2647,07022,08,10,12,23,25,03,10
2648,07021,02,04,24,29,33,01,02
2649,07020,02,06,11,12,18,05,12
2650,07019,03,06,17,22,23,04,06
2651,07018,03,04,16,23,28,06,09
2652,07017,13,14,29,32,34,03,12
2653,07016,01,14,19,24,31,03,12
2654,07015,02,08,12,13,17,11,12
2655,07014,01,02,07,29,32,06,07
2656,07013,12,17,27,29,34,06,09
2657,07012,03,12,15,29,34,07,11
2658,07011,29,32,33,34,35,09,10
2659,07010,06,08,18,29,34,09,11
2660,07009,01,03,09,19,34,09,12
2661,07008,02,08,11,21,23,04,07
2662,07007,14,16,25,26,35,04,09
2663,07006,01,16,20,23,28,03,06
2664,07005,01,09,19,20,30,02,11
2665,07004,06,10,16,17,25,02,04
2666,07003,03,04,18,23,32,01,06
2667,07002,15,22,31,34,35,05,12
2668,07001,22,24,29,31,35,04,11
